Name;Allow left overflow;Allow right overflow;Base;Comp. 2;Comp. 3;Comp. 4
i;1;1;dotlessi;uni0307;;
j;1;1;uni0237;uni0307;;
Agrave;1;1;A;gravecomb;;
Aacute;1;1;A;acutecomb;;
Acircumflex;1;1;A;uni0302;;
Atilde;1;1;A;tildecomb;;
Adieresis;1;1;A;uni0308;;
Aring;1;1;A;uni030A;;
Ccedilla;1;1;C;uni0327;;
Egrave;1;1;E;gravecomb;;
Eacute;1;1;E;acutecomb;;
Ecircumflex;1;1;E;uni0302;;
Edieresis;1;1;E;uni0308;;
Igrave;1;1;I;gravecomb;;
Iacute;1;1;I;acutecomb;;
Icircumflex;1;1;I;uni0302;;
Idieresis;1;1;I;uni0308;;
Ograve;1;1;O;gravecomb;;
Oacute;1;1;O;acutecomb;;
Ocircumflex;1;1;O;uni0302;;
Otilde;1;1;O;tildecomb;;
Odieresis;1;1;O;uni0308;;
Ugrave;1;1;U;gravecomb;;
Uacute;1;1;U;acutecomb;;
Ucircumflex;1;1;U;uni0302;;
Udieresis;1;1;U;uni0308;;
Yacute;1;1;Y;acutecomb;;
agrave;1;1;a;gravecomb;;
aacute;1;1;a;acutecomb;;
acircumflex;1;1;a;uni0302;;
atilde;1;1;a;tildecomb;;
adieresis;1;1;a;uni0308;;
aring;1;1;a;uni030A;;
ccedilla;1;1;c;uni0327;;
egrave;1;1;e;gravecomb;;
eacute;1;1;e;acutecomb;;
ecircumflex;1;1;e;uni0302;;
edieresis;1;1;e;uni0308;;
igrave;1;1;dotlessi;gravecomb;;
iacute;1;1;dotlessi;acutecomb;;
icircumflex;1;1;dotlessi;uni0302;;
idieresis;1;1;dotlessi;uni0308;;
ntilde;1;1;n;tildecomb;;
ograve;1;1;o;gravecomb;;
oacute;1;1;o;acutecomb;;
ocircumflex;1;1;o;uni0302;;
otilde;1;1;o;tildecomb;;
odieresis;1;1;o;uni0308;;
ugrave;1;1;u;gravecomb;;
uacute;1;1;u;acutecomb;;
ucircumflex;1;1;u;uni0302;;
udieresis;1;1;u;uni0308;;
yacute;1;1;y;acutecomb;;
Amacron;1;1;A;uni0304;;
amacron;1;1;a;uni0304;;
Abreve;1;1;A;uni0306;;
abreve;1;1;a;uni0306;;
Aogonek;1;1;A;uni0328;;
aogonek;1;1;a;uni0328;;
Cacute;1;1;C;acutecomb;;
cacute;1;1;c;acutecomb;;
Ccircumflex;1;1;C;uni0302;;
ccircumflex;1;1;c;uni0302;;
Cdotaccent;1;1;C;uni0307;;
cdotaccent;1;1;c;uni0307;;
Ccaron;1;1;C;uni030C;;
ccaron;1;1;c;uni030C;;
Dcaron;1;1;D;uni030C;;
Emacron;1;1;E;uni0304;;
emacron;1;1;e;uni0304;;
Ebreve;1;1;E;uni0306;;
ebreve;1;1;e;uni0306;;
Edotaccent;1;1;E;uni0307;;
edotaccent;1;1;e;uni0307;;
Eogonek;1;1;E;uni0328;;
eogonek;1;1;e;uni0328;;
Ecaron;1;1;E;uni030C;;
ecaron;1;1;e;uni030C;;
Gcircumflex;1;1;G;uni0302;;
gcircumflex;1;1;g;uni0302;;
Gbreve;1;1;G;uni0306;;
gbreve;1;1;g;uni0306;;
Gdotaccent;1;1;G;uni0307;;
gdotaccent;1;1;g;uni0307;;
Gcommaaccent;1;1;G;uni0326;;
gcommaaccent;1;1;g;uni0312;;
Hcircumflex;1;1;H;uni0302;;
hcircumflex;1;1;h;uni0302;;
Itilde;1;1;I;tildecomb;;
itilde;1;1;dotlessi;tildecomb;;
Imacron;1;1;I;uni0304;;
imacron;1;1;dotlessi;uni0304;;
Ibreve;1;1;I;uni0306;;
ibreve;1;1;dotlessi;uni0306;;
Iogonek;1;1;I;uni0328;;
iogonek;1;1;dotlessi;uni0328;;
Idotaccent;1;1;I;uni0307;;
Jcircumflex;1;1;J;uni0302;;
jcircumflex;1;1;uni0237;uni0302;;
Kcommaaccent;1;1;K;uni0326;;
kcommaaccent;1;1;k;uni0326;;
Lacute;1;1;L;acutecomb;;
lacute;1;1;l;acutecomb;;
Lcommaaccent;1;1;L;uni0326;;
lcommaaccent;1;1;l;uni0326;;
Nacute;1;1;N;acutecomb;;
nacute;1;1;n;acutecomb;;
Ncommaaccent;1;1;N;uni0326;;
ncommaaccent;1;1;n;uni0326;;
Ncaron;1;1;N;uni030C;;
ncaron;1;1;n;uni030C;;
Omacron;1;1;O;uni0304;;
omacron;1;1;o;uni0304;;
Obreve;1;1;O;uni0306;;
obreve;1;1;o;uni0306;;
Ohungarumlaut;1;1;O;uni030B;;
ohungarumlaut;1;1;o;uni030B;;
Racute;1;1;R;acutecomb;;
racute;1;1;r;acutecomb;;
Rcommaaccent;1;1;R;uni0326;;
rcommaaccent;1;1;r;uni0326;;
Rcaron;1;1;R;uni030C;;
rcaron;1;1;r;uni030C;;
Sacute;1;1;S;acutecomb;;
sacute;1;1;s;acutecomb;;
Scircumflex;1;1;S;uni0302;;
scircumflex;1;1;s;uni0302;;
Scedilla;1;1;S;uni0327;;
scedilla;1;1;s;uni0327;;
Scaron;1;1;S;uni030C;;
scaron;1;1;s;uni030C;;
uni0162;1;1;T;uni0327;;
uni0163;1;1;t;uni0327;;
Tcaron;1;1;T;uni030C;;
Utilde;1;1;U;tildecomb;;
utilde;1;1;u;tildecomb;;
Umacron;1;1;U;uni0304;;
umacron;1;1;u;uni0304;;
Ubreve;1;1;U;uni0306;;
ubreve;1;1;u;uni0306;;
Uring;1;1;U;uni030A;;
uring;1;1;u;uni030A;;
Uhungarumlaut;1;1;U;uni030B;;
uhungarumlaut;1;1;u;uni030B;;
Uogonek;1;1;U;uni0328;;
uogonek;1;1;u;uni0328;;
Wcircumflex;1;1;W;uni0302;;
wcircumflex;1;1;w;uni0302;;
Ycircumflex;1;1;Y;uni0302;;
ycircumflex;1;1;y;uni0302;;
Ydieresis;1;1;Y;uni0308;;
Zacute;1;1;Z;acutecomb;;
zacute;1;1;z;acutecomb;;
Zdotaccent;1;1;Z;uni0307;;
zdotaccent;1;1;z;uni0307;;
Zcaron;1;1;Z;uni030C;;
zcaron;1;1;z;uni030C;;
Ohorn;1;1;O;uni031B;;
ohorn;1;1;o;uni031B;;
Uhorn;1;1;U;uni031B;;
uhorn;1;1;u;uni031B;;
uni01CD;1;1;A;uni030C;;
uni01CE;1;1;a;uni030C;;
uni01CF;1;1;I;uni030C;;
uni01D0;1;1;dotlessi;uni030C;;
uni01D1;1;1;O;uni030C;;
uni01D2;1;1;o;uni030C;;
uni01D3;1;1;U;uni030C;;
uni01D4;1;1;u;uni030C;;
uni01D5;1;1;U;uni0308.case;uni0304.case;
uni01D6;1;1;u;uni0308;uni0304;
uni01D7;1;1;U;uni0308_acutecomb;;
uni01D8;1;1;u;uni0308_acutecomb;;
uni01D9;1;1;U;uni0308_uni030C;;
uni01DA;1;1;u;uni0308_uni030C;;
uni01DB;1;1;U;uni0308_gravecomb;;
uni01DC;1;1;u;uni0308_gravecomb;;
uni01DE;1;1;A;uni0308.case;uni0304.case;
uni01DF;1;1;a;uni0308;uni0304;
uni01E0;1;1;A;uni0307.case;uni0304.case;
uni01E1;1;1;a;uni0307;uni0304;
uni01E2;1;1;AE;uni0304;;
uni01E3;1;1;ae;uni0304;;
Gcaron;1;1;G;uni030C;;
gcaron;1;1;g;uni030C;;
uni01E8;1;1;K;uni030C;;
uni01E9;1;1;k;uni030C;;
uni01EA;1;1;O;uni0328;;
uni01EB;1;1;o;uni0328;;
uni01EC;1;1;O;uni0328;uni0304;
uni01ED;1;1;o;uni0328;uni0304;
uni01EE;1;1;uni01B7;uni030C;;
uni01EF;1;1;uni0292;uni030C;;
uni01F0;1;1;uni0237;uni030C;;
uni01F4;1;1;G;acutecomb;;
uni01F5;1;1;g;acutecomb;;
uni01F8;1;1;N;gravecomb;;
uni01F9;1;1;n;gravecomb;;
Aringacute;1;1;A;uni030A_acutecomb;;
aringacute;1;1;a;uni030A_acutecomb;;
AEacute;1;1;AE;acutecomb;;
aeacute;1;1;ae;acutecomb;;
Oslashacute;1;1;Oslash;acutecomb;;
oslashacute;1;1;oslash;acutecomb;;
uni0200;1;1;A;uni030F;;
uni0201;1;1;a;uni030F;;
uni0202;1;1;A;uni0311;;
uni0203;1;1;a;uni0311;;
uni0204;1;1;E;uni030F;;
uni0205;1;1;e;uni030F;;
uni0206;1;1;E;uni0311;;
uni0207;1;1;e;uni0311;;
uni0208;1;1;I;uni030F;;
uni0209;1;1;dotlessi;uni030F;;
uni020A;1;1;I;uni0311;;
uni020B;1;1;dotlessi;uni0311;;
uni020C;1;1;O;uni030F;;
uni020D;1;1;o;uni030F;;
uni020E;1;1;O;uni0311;;
uni020F;1;1;o;uni0311;;
uni0210;1;1;R;uni030F;;
uni0211;1;1;r;uni030F;;
uni0212;1;1;R;uni0311;;
uni0213;1;1;r;uni0311;;
uni0214;1;1;U;uni030F;;
uni0215;1;1;u;uni030F;;
uni0216;1;1;U;uni0311;;
uni0217;1;1;u;uni0311;;
Scommaaccent;1;1;S;uni0326;;
scommaaccent;1;1;s;uni0326;;
uni021A;1;1;T;uni0326;;
uni021B;1;1;t;uni0326;;
uni021E;1;1;H;uni030C;;
uni021F;1;1;h;uni030C;;
uni0226;1;1;A;uni0307;;
uni0227;1;1;a;uni0307;;
uni0228;1;1;E;uni0327;;
uni0229;1;1;e;uni0327;;
uni022A;1;1;O;uni0308.case;uni0304.case;
uni022B;1;1;o;uni0308;uni0304;
uni022C;1;1;O;tildecomb.case;uni0304.case;
uni022D;1;1;o;tildecomb;uni0304;
uni022E;1;1;O;uni0307;;
uni022F;1;1;o;uni0307;;
uni0230;1;1;O;uni0307.case;uni0304.case;
uni0231;1;1;o;uni0307;uni0304;
uni0232;1;1;Y;uni0304;;
uni0233;1;1;y;uni0304;;
uni0249;1;1;uni025F;uni0307;;
uni0268;1;1;dotlessuni0268;uni0307;;
Alphatonos;0;0;Alpha;tonos;;
Epsilontonos;0;0;Epsilon;tonos;;
Etatonos;0;0;Eta;tonos;;
Iotatonos;0;0;Iota;tonos;;
Omicrontonos;0;0;Omicron;tonos;;
Upsilontonos;0;0;Upsilon;tonos;;
Omegatonos;0;0;uni03A9;tonos;;
iotadieresistonos;1;1;iota;dieresistonos;;
Iotadieresis;1;1;Iota;uni0308;;
Upsilondieresis;1;1;Upsilon;uni0308;;
alphatonos;1;1;alpha;tonos;;
epsilontonos;1;1;epsilon;tonos;;
etatonos;1;1;eta;tonos;;
iotatonos;1;1;iota;tonos;;
upsilondieresistonos;1;1;upsilon;dieresistonos;;
iotadieresis;1;1;iota;uni0308;;
upsilondieresis;1;1;upsilon;uni0308;;
omicrontonos;1;1;omicron;tonos;;
upsilontonos;1;1;upsilon;tonos;;
omegatonos;1;1;omega;tonos;;
uni03D3;0;0;Upsilon1;tonos;;
uni03D4;1;1;Upsilon1;uni0308;;
uni03F3;1;1;uni0237;uni0307;;
uni0400;1;1;uni0415;gravecomb;;
uni0401;1;1;uni0415;uni0308;;
uni0403;1;1;uni0413;acutecomb;;
uni0407;1;1;uni0406;uni0308;;
uni040C;1;1;uni041A;acutecomb;;
uni040D;1;1;uni0418;gravecomb;;
uni040E;1;1;uni0423;uni0306;;
uni0419;1;1;uni0418;uni0306;;
uni0439;1;1;uni0438;uni0306;;
uni0450;1;1;uni0435;gravecomb;;
uni0451;1;1;uni0435;uni0308;;
uni0453;1;1;uni0433;acutecomb;;
uni0456;1;1;dotlessi;uni0307;;
uni0457;1;1;dotlessi;uni0308;;
uni0458;1;1;uni0237;uni0307;;
uni045C;1;1;uni043A;acutecomb;;
uni045D;1;1;uni0438;gravecomb;;
uni045E;1;1;uni0443;uni0306;;
uni0476;1;1;uni0474;uni030F;;
uni0477;1;1;uni0475;uni030F;;
uni047C;1;1;uniA7B6;uni0486;uni0487;
uni047D;1;1;uniA7B7;uni0486;uni0487;
uni04C1;1;1;uni0416;uni0306;;
uni04C2;1;1;uni0436;uni0306;;
uni04D0;1;1;uni0410;uni0306;;
uni04D1;1;1;uni0430;uni0306;;
uni04D2;1;1;uni0410;uni0308;;
uni04D3;1;1;uni0430;uni0308;;
uni04D6;1;1;uni0415;uni0306;;
uni04D7;1;1;uni0435;uni0306;;
uni04DA;1;1;uni04D8;uni0308;;
uni04DB;1;1;uni04D9;uni0308;;
uni04DC;1;1;uni0416;uni0308;;
uni04DD;1;1;uni0436;uni0308;;
uni04DE;1;1;uni0417;uni0308;;
uni04DF;1;1;uni0437;uni0308;;
uni04E2;1;1;uni0418;uni0304;;
uni04E3;1;1;uni0438;uni0304;;
uni04E4;1;1;uni0418;uni0308;;
uni04E5;1;1;uni0438;uni0308;;
uni04E6;1;1;uni041E;uni0308;;
uni04E7;1;1;uni043E;uni0308;;
uni04EA;1;1;uni04E8;uni0308;;
uni04EB;1;1;uni04E9;uni0308;;
uni04EC;1;1;uni042D;uni0308;;
uni04ED;1;1;uni044D;uni0308;;
uni04EE;1;1;uni0423;uni0304;;
uni04EF;1;1;uni0443;uni0304;;
uni04F0;1;1;uni0423;uni0308;;
uni04F1;1;1;uni0443;uni0308;;
uni04F2;1;1;uni0423;uni030B;;
uni04F3;1;1;uni0443;uni030B;;
uni04F4;1;1;uni0427;uni0308;;
uni04F5;1;1;uni0447;uni0308;;
uni04F8;1;1;uni042B;uni0308;;
uni04F9;1;1;uni044B;uni0308;;
uni1E00;1;1;A;uni0325;;
uni1E01;1;1;a;uni0325;;
uni1E02;1;1;B;uni0307;;
uni1E03;1;1;b;uni0307;;
uni1E04;1;1;B;dotbelowcomb;;
uni1E05;1;1;b;dotbelowcomb;;
uni1E06;1;1;B;uni0331;;
uni1E07;1;1;b;uni0331;;
uni1E08;1;1;C;uni0327;acutecomb;
uni1E09;1;1;c;uni0327;acutecomb;
uni1E0A;1;1;D;uni0307;;
uni1E0B;1;1;d;uni0307;;
uni1E0C;1;1;D;dotbelowcomb;;
uni1E0D;1;1;d;dotbelowcomb;;
uni1E0E;1;1;D;uni0331;;
uni1E0F;1;1;d;uni0331;;
uni1E10;1;1;D;uni0327;;
uni1E11;1;1;d;uni0327;;
uni1E12;1;1;D;uni032D;;
uni1E13;1;1;d;uni032D;;
uni1E14;1;1;E;uni0304.case;gravecomb.case;
uni1E15;1;1;e;uni0304;gravecomb;
uni1E16;1;1;E;uni0304.case;acutecomb.case;
uni1E17;1;1;e;uni0304;acutecomb;
uni1E18;1;1;E;uni032D;;
uni1E19;1;1;e;uni032D;;
uni1E1A;1;1;E;uni0330;;
uni1E1B;1;1;e;uni0330;;
uni1E1C;1;1;E;uni0327;uni0306;
uni1E1D;1;1;e;uni0327;uni0306;
uni1E1E;1;1;F;uni0307;;
uni1E1F;1;1;f;uni0307;;
uni1E20;1;1;G;uni0304;;
uni1E21;1;1;g;uni0304;;
uni1E22;1;1;H;uni0307;;
uni1E23;1;1;h;uni0307;;
uni1E24;1;1;H;dotbelowcomb;;
uni1E25;1;1;h;dotbelowcomb;;
uni1E26;1;1;H;uni0308;;
uni1E27;1;1;h;uni0308;;
uni1E28;1;1;H;uni0327;;
uni1E29;1;1;h;uni0327;;
uni1E2A;1;1;H;uni032E;;
uni1E2B;1;1;h;uni032E;;
uni1E2C;1;1;I;uni0330;;
uni1E2D;1;1;dotlessi;uni0330;;
uni1E2E;1;1;I;uni0308_acutecomb;;
uni1E2F;1;1;dotlessi;uni0308_acutecomb;;
uni1E30;1;1;K;acutecomb;;
uni1E31;1;1;k;acutecomb;;
uni1E32;1;1;K;dotbelowcomb;;
uni1E33;1;1;k;dotbelowcomb;;
uni1E34;1;1;K;uni0331;;
uni1E35;1;1;k;uni0331;;
uni1E36;1;1;L;dotbelowcomb;;
uni1E37;1;1;l;dotbelowcomb;;
uni1E38;1;1;L;dotbelowcomb;uni0304;
uni1E39;1;1;l;dotbelowcomb;uni0304;
uni1E3A;1;1;L;uni0331;;
uni1E3B;1;1;l;uni0331;;
uni1E3C;1;1;L;uni032D;;
uni1E3D;1;1;l;uni032D;;
uni1E3E;1;1;M;acutecomb;;
uni1E3F;1;1;m;acutecomb;;
uni1E40;1;1;M;uni0307;;
uni1E41;1;1;m;uni0307;;
uni1E42;1;1;M;dotbelowcomb;;
uni1E43;1;1;m;dotbelowcomb;;
uni1E44;1;1;N;uni0307;;
uni1E45;1;1;n;uni0307;;
uni1E46;1;1;N;dotbelowcomb;;
uni1E47;1;1;n;dotbelowcomb;;
uni1E48;1;1;N;uni0331;;
uni1E49;1;1;n;uni0331;;
uni1E4A;1;1;N;uni032D;;
uni1E4B;1;1;n;uni032D;;
uni1E4C;1;1;O;tildecomb.case;acutecomb.case;
uni1E4D;1;1;o;tildecomb.case;acutecomb.case;
uni1E4E;1;1;O;tildecomb_uni0308.case;;
uni1E4F;1;1;o;tildecomb;uni0308;
uni1E50;1;1;O;uni0304.case;gravecomb.case;
uni1E51;1;1;o;uni0304;gravecomb;
uni1E52;1;1;O;uni0304.case;acutecomb.case;
uni1E53;1;1;o;uni0304;acutecomb;
uni1E54;1;1;P;acutecomb;;
uni1E55;1;1;p;acutecomb;;
uni1E56;1;1;P;uni0307;;
uni1E57;1;1;p;uni0307;;
uni1E58;1;1;R;uni0307;;
uni1E59;1;1;r;uni0307;;
uni1E5A;1;1;R;dotbelowcomb;;
uni1E5B;1;1;r;dotbelowcomb;;
uni1E5C;1;1;R;dotbelowcomb;uni0304;
uni1E5D;1;1;r;dotbelowcomb;uni0304;
uni1E5E;1;1;R;uni0331;;
uni1E5F;1;1;r;uni0331;;
uni1E60;1;1;S;uni0307;;
uni1E61;1;1;s;uni0307;;
uni1E62;1;1;S;dotbelowcomb;;
uni1E63;1;1;s;dotbelowcomb;;
uni1E64;1;1;S;acutecomb_uni0307;;
uni1E65;1;1;s;acutecomb_uni0307;;
uni1E66;1;1;S;uni030C_uni0307.case;;
uni1E67;1;1;s;uni030C;uni0307;
uni1E68;1;1;S;dotbelowcomb;uni0307;
uni1E69;1;1;s;dotbelowcomb;uni0307;
uni1E6A;1;1;T;uni0307;;
uni1E6B;1;1;t;uni0307;;
uni1E6C;1;1;T;dotbelowcomb;;
uni1E6D;1;1;t;dotbelowcomb;;
uni1E6E;1;1;T;uni0331;;
uni1E6F;1;1;t;uni0331;;
uni1E70;1;1;T;uni032D;;
uni1E71;1;1;t;uni032D;;
uni1E72;1;1;U;uni0324;;
uni1E73;1;1;u;uni0324;;
uni1E74;1;1;U;uni0330;;
uni1E75;1;1;u;uni0330;;
uni1E76;1;1;U;uni032D;;
uni1E77;1;1;u;uni032D;;
uni1E78;1;1;U;tildecomb.case;acutecomb.case;
uni1E79;1;1;u;tildecomb;acutecomb;
uni1E7A;1;1;U;uni0304.case;uni0308.case;
uni1E7B;1;1;u;uni0304;uni0308;
uni1E7C;1;1;V;tildecomb;;
uni1E7D;1;1;v;tildecomb;;
uni1E7E;1;1;V;dotbelowcomb;;
uni1E7F;1;1;v;dotbelowcomb;;
Wgrave;1;1;W;gravecomb;;
wgrave;1;1;w;gravecomb;;
Wacute;1;1;W;acutecomb;;
wacute;1;1;w;acutecomb;;
Wdieresis;1;1;W;uni0308;;
wdieresis;1;1;w;uni0308;;
uni1E86;1;1;W;uni0307;;
uni1E87;1;1;w;uni0307;;
uni1E88;1;1;W;dotbelowcomb;;
uni1E89;1;1;w;dotbelowcomb;;
uni1E8A;1;1;X;uni0307;;
uni1E8B;1;1;x;uni0307;;
uni1E8C;1;1;X;uni0308;;
uni1E8D;1;1;x;uni0308;;
uni1E8E;1;1;Y;uni0307;;
uni1E8F;1;1;y;uni0307;;
uni1E90;1;1;Z;uni0302;;
uni1E91;1;1;z;uni0302;;
uni1E92;1;1;Z;dotbelowcomb;;
uni1E93;1;1;z;dotbelowcomb;;
uni1E94;1;1;Z;uni0331;;
uni1E95;1;1;z;uni0331;;
uni1E96;1;1;h;uni0331;;
uni1E97;1;1;t;uni0308;;
uni1E98;1;1;w;uni030A;;
uni1E99;1;1;y;uni030A;;
uni1E9B;1;1;longs;uni0307;;
uni1EA0;1;1;A;dotbelowcomb;;
uni1EA1;1;1;a;dotbelowcomb;;
uni1EA2;1;1;A;hookabovecomb;;
uni1EA3;1;1;a;hookabovecomb;;
uni1EA4;1;1;A;uni0302_acutecomb;;
uni1EA5;1;1;a;uni0302_acutecomb;;
uni1EA6;1;1;A;uni0302_gravecomb;;
uni1EA7;1;1;a;uni0302_gravecomb;;
uni1EA8;1;1;A;uni0302_hookabovecomb;;
uni1EA9;1;1;a;uni0302_hookabovecomb;;
uni1EAA;1;1;A;uni0302.case;tildecomb.case;
uni1EAB;1;1;a;uni0302;tildecomb;
uni1EAC;1;1;A;dotbelowcomb;uni0302;
uni1EAD;1;1;a;dotbelowcomb;uni0302;
uni1EAE;1;1;A;uni0306_acutecomb.case;;
uni1EAF;1;1;a;uni0306_acutecomb;;
uni1EB0;1;1;A;uni0306_gravecomb.case;;
uni1EB1;1;1;a;uni0306_gravecomb;;
uni1EB2;1;1;A;uni0306_hookabovecomb.case;;
uni1EB3;1;1;a;uni0306_hookabovecomb;;
uni1EB4;1;1;A;uni0306;tildecomb;
uni1EB5;1;1;a;uni0306;tildecomb;
uni1EB6;1;1;A;dotbelowcomb;uni0306;
uni1EB7;1;1;a;dotbelowcomb;uni0306;
uni1EB8;1;1;E;dotbelowcomb;;
uni1EB9;1;1;e;dotbelowcomb;;
uni1EBA;1;1;E;hookabovecomb;;
uni1EBB;1;1;e;hookabovecomb;;
uni1EBC;1;1;E;tildecomb;;
uni1EBD;1;1;e;tildecomb;;
uni1EBE;1;1;E;uni0302_acutecomb;;
uni1EBF;1;1;e;uni0302_acutecomb;;
uni1EC0;1;1;E;uni0302_gravecomb;;
uni1EC1;1;1;e;uni0302_gravecomb;;
uni1EC2;1;1;E;uni0302_hookabovecomb;;
uni1EC3;1;1;e;uni0302_hookabovecomb;;
uni1EC4;1;1;E;uni0302.case;tildecomb.case;
uni1EC5;1;1;e;uni0302;tildecomb;
uni1EC6;1;1;E;dotbelowcomb;uni0302;
uni1EC7;1;1;e;dotbelowcomb;uni0302;
uni1EC8;1;1;I;hookabovecomb;;
uni1EC9;1;1;dotlessi;hookabovecomb;;
uni1ECA;1;1;I;dotbelowcomb;;
uni1ECB;1;1;dotlessi;dotbelowcomb;uni0307;
uni1ECC;1;1;O;dotbelowcomb;;
uni1ECD;1;1;o;dotbelowcomb;;
uni1ECE;1;1;O;hookabovecomb;;
uni1ECF;1;1;o;hookabovecomb;;
uni1ED0;1;1;O;uni0302_acutecomb;;
uni1ED1;1;1;o;uni0302_acutecomb;;
uni1ED2;1;1;O;uni0302_gravecomb;;
uni1ED3;1;1;o;uni0302_gravecomb;;
uni1ED4;1;1;O;uni0302_hookabovecomb;;
uni1ED5;1;1;o;uni0302_hookabovecomb;;
uni1ED6;1;1;O;uni0302.case;tildecomb.case;
uni1ED7;1;1;o;uni0302;tildecomb;
uni1ED8;1;1;O;dotbelowcomb;uni0302;
uni1ED9;1;1;o;dotbelowcomb;uni0302;
uni1EDA;1;1;O;uni031B;acutecomb;
uni1EDB;1;1;o;uni031B;acutecomb;
uni1EDC;1;1;O;uni031B;gravecomb;
uni1EDD;1;1;o;uni031B;gravecomb;
uni1EDE;1;1;O;uni031B;hookabovecomb;
uni1EDF;1;1;o;uni031B;hookabovecomb;
uni1EE0;1;1;O;uni031B;tildecomb;
uni1EE1;1;1;o;uni031B;tildecomb;
uni1EE2;1;1;O;dotbelowcomb;uni031B;
uni1EE3;1;1;o;dotbelowcomb;uni031B;
uni1EE4;1;1;U;dotbelowcomb;;
uni1EE5;1;1;u;dotbelowcomb;;
uni1EE6;1;1;U;hookabovecomb;;
uni1EE7;1;1;u;hookabovecomb;;
uni1EE8;1;1;U;uni031B;acutecomb;
uni1EE9;1;1;u;uni031B;acutecomb;
uni1EEA;1;1;U;uni031B;gravecomb;
uni1EEB;1;1;u;uni031B;gravecomb;
uni1EEC;1;1;U;uni031B;hookabovecomb;
uni1EED;1;1;u;uni031B;hookabovecomb;
uni1EEE;1;1;U;uni031B;tildecomb;
uni1EEF;1;1;u;uni031B;tildecomb;
uni1EF0;1;1;U;dotbelowcomb;uni031B;
uni1EF1;1;1;u;dotbelowcomb;uni031B;
Ygrave;1;1;Y;gravecomb;;
ygrave;1;1;y;gravecomb;;
uni1EF4;1;1;Y;dotbelowcomb;;
uni1EF6;1;1;Y;hookabovecomb;;
uni1EF7;1;1;y;hookabovecomb;;
uni1EF8;1;1;Y;tildecomb;;
uni1EF9;1;1;y;tildecomb;;
uni1F00;1;1;alpha;uni1FBF;;
uni1F01;1;1;alpha;uni1FFE;;
uni1F02;1;1;alpha;uni1FCD;;
uni1F03;1;1;alpha;uni1FDD;;
uni1F04;1;1;alpha;uni1FCE;;
uni1F05;1;1;alpha;uni1FDE;;
uni1F06;1;1;alpha;uni1FCE;;
uni1F07;1;1;alpha;uni1FDF;;
uni1F08;0;0;Alpha;uni1FBF;;
uni1F09;0;0;Alpha;uni1FFE;;
uni1F0A;0;0;Alpha;uni1FCD;;
uni1F0B;0;0;Alpha;uni1FDD;;
uni1F0C;0;0;Alpha;uni1FCE;;
uni1F0D;0;0;Alpha;uni1FDE;;
uni1F0E;0;0;Alpha;uni1FCE;;
uni1F0F;0;0;Alpha;uni1FDF;;
uni1F10;1;1;epsilon;uni1FBF;;
uni1F11;1;1;epsilon;uni1FFE;;
uni1F12;1;1;epsilon;uni1FCD;;
uni1F13;1;1;epsilon;uni1FDD;;
uni1F14;1;1;epsilon;uni1FCE;;
uni1F15;1;1;epsilon;uni1FDE;;
uni1F18;0;0;Epsilon;uni1FBF;;
uni1F19;0;0;Epsilon;uni1FFE;;
uni1F1A;0;0;Epsilon;uni1FCD;;
uni1F1B;0;0;Epsilon;uni1FDD;;
uni1F1C;0;0;Epsilon;uni1FCE;;
uni1F1D;0;0;Epsilon;uni1FDE;;
uni1F20;1;1;eta;uni1FBF;;
uni1F21;1;1;eta;uni1FFE;;
uni1F22;1;1;eta;uni1FCD;;
uni1F23;1;1;eta;uni1FDD;;
uni1F24;1;1;eta;uni1FCE;;
uni1F25;1;1;eta;uni1FDE;;
uni1F26;1;1;eta;uni1FCE;;
uni1F27;1;1;eta;uni1FDF;;
uni1F28;0;0;Eta;uni1FBF;;
uni1F29;0;0;Eta;uni1FFE;;
uni1F2A;0;0;Eta;uni1FCD;;
uni1F2B;0;0;Eta;uni1FDD;;
uni1F2C;0;0;Eta;uni1FCE;;
uni1F2D;0;0;Eta;uni1FDE;;
uni1F2E;0;0;Eta;uni1FCE;;
uni1F2F;0;0;Eta;uni1FDF;;
uni1F30;1;1;iota;uni1FBF;;
uni1F31;1;1;iota;uni1FFE;;
uni1F32;1;1;iota;uni1FCD;;
uni1F33;1;1;iota;uni1FDD;;
uni1F34;1;1;iota;uni1FCE;;
uni1F35;1;1;iota;uni1FDE;;
uni1F36;1;1;iota;uni1FCE;;
uni1F37;1;1;iota;uni1FDF;;
uni1F38;0;0;Iota;uni1FBF;;
uni1F39;0;0;Iota;uni1FFE;;
uni1F3A;0;0;Iota;uni1FCD;;
uni1F3B;0;0;Iota;uni1FDD;;
uni1F3C;0;0;Iota;uni1FCE;;
uni1F3D;0;0;Iota;uni1FDE;;
uni1F3E;0;0;Iota;uni1FCE;;
uni1F3F;0;0;Iota;uni1FDF;;
uni1F40;1;1;omicron;uni1FBF;;
uni1F41;1;1;omicron;uni1FFE;;
uni1F42;1;1;omicron;uni1FCD;;
uni1F43;1;1;omicron;uni1FDD;;
uni1F44;1;1;omicron;uni1FCE;;
uni1F45;1;1;omicron;uni1FDE;;
uni1F48;0;0;Omicron;uni1FBF;;
uni1F49;0;0;Omicron;uni1FFE;;
uni1F4A;0;0;Omicron;uni1FCD;;
uni1F4B;0;0;Omicron;uni1FDD;;
uni1F4C;0;0;Omicron;uni1FCE;;
uni1F4D;0;0;Omicron;uni1FDE;;
uni1F50;1;1;upsilon;uni1FBF;;
uni1F51;1;1;upsilon;uni1FFE;;
uni1F52;1;1;upsilon;uni1FCD;;
uni1F53;1;1;upsilon;uni1FDD;;
uni1F54;1;1;upsilon;uni1FCE;;
uni1F55;1;1;upsilon;uni1FDE;;
uni1F56;1;1;upsilon;uni1FCE;;
uni1F57;1;1;upsilon;uni1FDF;;
uni1F59;0;0;Upsilon;uni1FFE;;
uni1F5B;0;0;Upsilon;uni1FFD;;
uni1F5D;0;0;Upsilon;uni1FDE;;
uni1F5F;0;0;Upsilon;uni1FDF;;
uni1F60;1;1;omega;uni1FBF;;
uni1F61;1;1;omega;uni1FFE;;
uni1F62;1;1;omega;uni1FCD;;
uni1F63;1;1;omega;uni1FDD;;
uni1F64;1;1;omega;uni1FCE;;
uni1F65;1;1;omega;uni1FDE;;
uni1F66;1;1;omega;uni1FCE;;
uni1F67;1;1;omega;uni1FDF;;
uni1F68;0;0;uni03A9;uni1FBF;;
uni1F69;0;0;uni03A9;uni1FFE;;
uni1F6A;0;0;uni03A9;uni1FCD;;
uni1F6B;0;0;uni03A9;uni1FDD;;
uni1F6C;0;0;uni03A9;uni1FCE;;
uni1F6D;0;0;uni03A9;uni1FDE;;
uni1F6E;0;0;uni03A9;uni1FCE;;
uni1F6F;0;0;uni03A9;uni1FDF;;
uni1F70;1;1;alpha;uni1FEF;;
uni1F71;1;1;alpha;uni1FFD;;
uni1F72;1;1;epsilon;uni1FEF;;
uni1F73;1;1;epsilon;uni1FFD;;
uni1F74;1;1;eta;uni1FEF;;
uni1F75;1;1;eta;uni1FFD;;
uni1F76;1;1;iota;uni1FEF;;
uni1F77;1;1;iota;uni1FFD;;
uni1F78;1;1;omicron;uni1FEF;;
uni1F79;1;1;omicron;uni1FFD;;
uni1F7A;1;1;upsilon;uni1FEF;;
uni1F7B;1;1;upsilon;uni1FFD;;
uni1F7C;1;1;omega;uni1FEF;;
uni1F7D;1;1;omega;uni1FFD;;
uni1F80;1;1;alpha;uni1FBE;uni1FBF;
uni1F81;1;1;alpha;uni1FBE;uni1FFE;
uni1F82;1;1;alpha;uni1FBE;uni1FCD;
uni1F83;1;1;alpha;uni1FBE;uni1FDD;
uni1F84;1;1;alpha;uni1FBE;uni1FCE;
uni1F85;1;1;alpha;uni1FBE;uni1FDE;
uni1F86;1;1;alpha;uni1FBE;uni1FCE;
uni1F87;1;1;alpha;uni1FBE;uni1FDF;
uni1F88;0;0;Alpha;uni1FBE;uni1FBF;
uni1F89;0;0;Alpha;uni1FBE;uni1FFE;
uni1F8A;0;0;Alpha;uni1FBE;uni1FCD;
uni1F8B;0;0;Alpha;uni1FBE;uni1FDD;
uni1F8C;0;0;Alpha;uni1FBE;uni1FCE;
uni1F8D;0;0;Alpha;uni1FBE;uni1FDE;
uni1F8E;0;0;Alpha;uni1FBE;uni1FCE;
uni1F8F;0;0;Alpha;uni1FBE;uni1FDF;
uni1F90;1;1;eta;uni1FBE;uni1FBF;
uni1F91;1;1;eta;uni1FBE;uni1FFE;
uni1F92;1;1;eta;uni1FBE;uni1FCD;
uni1F93;1;1;eta;uni1FBE;uni1FDD;
uni1F94;1;1;eta;uni1FBE;uni1FCE;
uni1F95;1;1;eta;uni1FBE;uni1FDE;
uni1F96;1;1;eta;uni1FBE;uni1FCE;
uni1F97;1;1;eta;uni1FBE;uni1FDF;
uni1F98;0;0;Eta;uni1FBE;uni1FBF;
uni1F99;0;0;Eta;uni1FBE;uni1FFE;
uni1F9A;0;0;Eta;uni1FBE;uni1FCD;
uni1F9B;0;0;Eta;uni1FBE;uni1FDD;
uni1F9C;0;0;Eta;uni1FBE;uni1FCE;
uni1F9D;0;0;Eta;uni1FBE;uni1FDE;
uni1F9E;0;0;Eta;uni1FBE;uni1FCE;
uni1F9F;0;0;Eta;uni1FBE;uni1FDF;
uni1FA0;1;1;omega;uni1FBE;uni1FBF;
uni1FA1;1;1;omega;uni1FBE;uni1FFE;
uni1FA2;1;1;omega;uni1FBE;uni1FCD;
uni1FA3;1;1;omega;uni1FBE;uni1FDD;
uni1FA4;1;1;omega;uni1FBE;uni1FCE;
uni1FA5;1;1;omega;uni1FBE;uni1FDE;
uni1FA6;1;1;omega;uni1FBE;uni1FCE;
uni1FA7;1;1;omega;uni1FBE;uni1FDF;
uni1FA8;0;0;uni03A9;uni1FBE;uni1FBF;
uni1FA9;0;0;uni03A9;uni1FBE;uni1FFE;
uni1FAA;0;0;uni03A9;uni1FBE;uni1FCD;
uni1FAB;0;0;uni03A9;uni1FBE;uni1FDD;
uni1FAC;0;0;uni03A9;uni1FBE;uni1FCE;
uni1FAD;0;0;uni03A9;uni1FBE;uni1FDE;
uni1FAE;0;0;uni03A9;uni1FBE;uni1FCE;
uni1FAF;0;0;uni03A9;uni1FBE;uni1FDF;
uni1FB0;1;1;alpha;uni0306;;
uni1FB1;1;1;alpha;uni0304;;
uni1FB2;1;1;alpha;uni1FBE;uni1FEF;
uni1FB3;1;1;alpha;uni1FBE;;
uni1FB4;1;1;alpha;uni1FBE;uni1FFD;
uni1FB6;1;1;alpha;uni1FC0;;
uni1FB7;1;1;alpha;uni1FBE;uni1FC0;
uni1FB8;1;1;Alpha;uni0306;;
uni1FB9;1;1;Alpha;uni0304;;
uni1FBA;0;0;Alpha;uni1FEF;;
uni1FBB;0;0;Alpha;uni1FFD;;
uni1FBC;1;1;Alpha;uni1FBE;;
uni1FC2;1;1;eta;uni1FBE;uni1FEF;
uni1FC3;1;1;eta;uni1FBE;;
uni1FC4;1;1;eta;uni1FBE;uni1FFD;
uni1FC6;1;1;eta;uni1FC0;;
uni1FC7;1;1;eta;uni1FBE;uni1FC0;
uni1FC8;0;0;Epsilon;uni1FEF;;
uni1FC9;0;0;Epsilon;uni1FFD;;
uni1FCA;0;0;Eta;uni1FEF;;
uni1FCB;0;0;Eta;uni1FFD;;
uni1FCC;0;0;Eta;uni1FBE;;
uni1FD0;1;1;iota;uni0306;;
uni1FD1;1;1;iota;uni0304;;
uni1FD2;1;1;iota;uni1FED;;
uni1FD3;1;1;iota;uni1FEE;;
uni1FD6;1;1;iota;uni1FC0;;
uni1FD7;1;1;iota;uni1FC1;;
uni1FD8;1;1;Iota;uni0306;;
uni1FD9;1;1;Iota;uni0304;;
uni1FDA;0;0;Iota;uni1FEF;;
uni1FDB;0;0;Iota;uni1FFD;;
uni1FE0;1;1;upsilon;uni0306;;
uni1FE1;1;1;upsilon;uni0304;;
uni1FE2;1;1;upsilon;uni1FED;;
uni1FE3;1;1;upsilon;uni1FEE;;
uni1FE4;1;1;rho;uni1FBF;;
uni1FE5;1;1;rho;uni1FFE;;
uni1FE6;1;1;upsilon;uni1FC0;;
uni1FE7;1;1;upsilon;uni1FC1;;
uni1FE8;1;1;Upsilon;uni0306;;
uni1FE9;1;1;Upsilon;uni0304;;
uni1FEA;0;0;Upsilon;uni1FEF;;
uni1FEB;0;0;Upsilon;uni1FFD;;
uni1FEC;0;0;Rho;uni1FFE;;
uni1FF2;1;1;omega;uni1FBE;uni1FEF;
uni1FF3;1;1;omega;uni1FBE;;
uni1FF4;1;1;omega;uni1FBE;uni1FFD;
uni1FF6;1;1;omega;uni1FC0;;
uni1FF7;1;1;omega;uni1FBE;uni1FC0;
uni1FF8;0;0;Omicron;uni1FEF;;
uni1FF9;0;0;Omicron;uni1FFD;;
uni1FFA;0;0;uni03A9;uni1FEF;;
uni1FFB;0;0;uni03A9;uni1FFD;;
uni1FFC;0;0;uni03A9;uni1FBE;;
agrave.sc;1;1;a.sc;gravecomb;;
aacute.sc;1;1;a.sc;acutecomb;;
acircumflex.sc;1;1;a.sc;uni0302;;
atilde.sc;1;1;a.sc;tildecomb;;
adieresis.sc;1;1;a.sc;uni0308;;
aring.sc;1;1;a.sc;uni030A;;
ccedilla.sc;1;1;c.sc;uni0327;;
egrave.sc;1;1;e.sc;gravecomb;;
eacute.sc;1;1;e.sc;acutecomb;;
ecircumflex.sc;1;1;e.sc;uni0302;;
edieresis.sc;1;1;e.sc;uni0308;;
igrave.sc;1;1;i.sc;gravecomb;;
iacute.sc;1;1;i.sc;acutecomb;;
icircumflex.sc;1;1;i.sc;uni0302;;
idieresis.sc;1;1;i.sc;uni0308;;
ntilde.sc;1;1;n.sc;tildecomb;;
ograve.sc;1;1;o.sc;gravecomb;;
oacute.sc;1;1;o.sc;acutecomb;;
ocircumflex.sc;1;1;o.sc;uni0302;;
otilde.sc;1;1;o.sc;tildecomb;;
odieresis.sc;1;1;o.sc;uni0308;;
ugrave.sc;1;1;u.sc;gravecomb;;
uacute.sc;1;1;u.sc;acutecomb;;
ucircumflex.sc;1;1;u.sc;uni0302;;
udieresis.sc;1;1;u.sc;uni0308;;
yacute.sc;1;1;y.sc;acutecomb;;
amacron.sc;1;1;a.sc;uni0304;;
abreve.sc;1;1;a.sc;uni0306;;
aogonek.sc;1;1;a.sc;uni0328;;
cacute.sc;1;1;c.sc;acutecomb;;
ccircumflex.sc;1;1;c.sc;uni0302;;
cdotaccent.sc;1;1;c.sc;uni0307;;
ccaron.sc;1;1;c.sc;uni030C;;
emacron.sc;1;1;e.sc;uni0304;;
ebreve.sc;1;1;e.sc;uni0306;;
edotaccent.sc;1;1;e.sc;uni0307;;
eogonek.sc;1;1;e.sc;uni0328;;
ecaron.sc;1;1;e.sc;uni030C;;
gcircumflex.sc;1;1;g.sc;uni0302;;
gbreve.sc;1;1;g.sc;uni0306;;
gdotaccent.sc;1;1;g.sc;uni0307;;
gcommaaccent.sc;1;1;g.sc;uni0312;;
hcircumflex.sc;1;1;h.sc;uni0302;;
itilde.sc;1;1;i.sc;tildecomb;;
imacron.sc;1;1;i.sc;uni0304;;
ibreve.sc;1;1;i.sc;uni0306;;
iogonek.sc;1;1;i.sc;uni0328;;
jcircumflex.sc;1;1;j.sc;uni0302;;
kcommaaccent.sc;1;1;k.sc;uni0326;;
lacute.sc;1;1;l.sc;acutecomb;;
lcommaaccent.sc;1;1;l.sc;uni0326;;
nacute.sc;1;1;n.sc;acutecomb;;
ncommaaccent.sc;1;1;n.sc;uni0326;;
ncaron.sc;1;1;n.sc;uni030C;;
omacron.sc;1;1;o.sc;uni0304;;
obreve.sc;1;1;o.sc;uni0306;;
ohungarumlaut.sc;1;1;o.sc;uni030B;;
racute.sc;1;1;r.sc;acutecomb;;
rcommaaccent.sc;1;1;r.sc;uni0326;;
rcaron.sc;1;1;r.sc;uni030C;;
sacute.sc;1;1;s.sc;acutecomb;;
scircumflex.sc;1;1;s.sc;uni0302;;
scedilla.sc;1;1;s.sc;uni0327;;
scaron.sc;1;1;s.sc;uni030C;;
uni0163.sc;1;1;t.sc;uni0327;;
utilde.sc;1;1;u.sc;tildecomb;;
umacron.sc;1;1;u.sc;uni0304;;
ubreve.sc;1;1;u.sc;uni0306;;
uring.sc;1;1;u.sc;uni030A;;
uhungarumlaut.sc;1;1;u.sc;uni030B;;
uogonek.sc;1;1;u.sc;uni0328;;
wcircumflex.sc;1;1;w.sc;uni0302;;
ycircumflex.sc;1;1;y.sc;uni0302;;
zacute.sc;1;1;z.sc;acutecomb;;
zdotaccent.sc;1;1;z.sc;uni0307;;
zcaron.sc;1;1;z.sc;uni030C;;
ohorn.sc;1;1;o.sc;uni031B;;
uhorn.sc;1;1;u.sc;uni031B;;
uni01CE.sc;1;1;a.sc;uni030C;;
uni01D0.sc;1;1;i.sc;uni030C;;
uni01D2.sc;1;1;o.sc;uni030C;;
uni01D4.sc;1;1;u.sc;uni030C;;
uni01D6.sc;1;1;u.sc;uni0308;uni0304;
uni01D8.sc;1;1;u.sc;uni0308_acutecomb;;
uni01DA.sc;1;1;u.sc;uni0308_uni030C;;
uni01DC.sc;1;1;u.sc;uni0308_gravecomb;;
uni01DF.sc;1;1;a.sc;uni0308;uni0304;
uni01E1.sc;1;1;a.sc;uni0307;uni0304;
uni01E3.sc;1;1;ae.sc;uni0304;;
gcaron.sc;1;1;g.sc;uni030C;;
uni01E9.sc;1;1;k.sc;uni030C;;
uni01EB.sc;1;1;o.sc;uni0328;;
uni01ED.sc;1;1;o.sc;uni0328;uni0304;
uni01F0.sc;1;1;j.sc;uni030C;;
uni01F5.sc;1;1;g.sc;acutecomb;;
uni01F9.sc;1;1;n.sc;gravecomb;;
aringacute.sc;1;1;a.sc;uni030A_acutecomb;;
aeacute.sc;1;1;ae.sc;acutecomb;;
oslashacute.sc;1;1;oslash.sc;acutecomb;;
uni0201.sc;1;1;a.sc;uni030F;;
uni0203.sc;1;1;a.sc;uni0311;;
uni0205.sc;1;1;e.sc;uni030F;;
uni0207.sc;1;1;e.sc;uni0311;;
uni0209.sc;1;1;i.sc;uni030F;;
uni020B.sc;1;1;i.sc;uni0311;;
uni020D.sc;1;1;o.sc;uni030F;;
uni020F.sc;1;1;o.sc;uni0311;;
uni0211.sc;1;1;r.sc;uni030F;;
uni0213.sc;1;1;r.sc;uni0311;;
uni0215.sc;1;1;u.sc;uni030F;;
uni0217.sc;1;1;u.sc;uni0311;;
scommaaccent.sc;1;1;s.sc;uni0326;;
uni021B.sc;1;1;t.sc;uni0326;;
uni021F.sc;1;1;h.sc;uni030C;;
uni0227.sc;1;1;a.sc;uni0307;;
uni0229.sc;1;1;e.sc;uni0327;;
uni022B.sc;1;1;o.sc;uni0308;uni0304;
uni022D.sc;1;1;o.sc;tildecomb;uni0304;
uni022F.sc;1;1;o.sc;uni0307;;
uni0231.sc;1;1;o.sc;uni0307;uni0304;
uni0233.sc;1;1;y.sc;uni0304;;
iotadieresistonos.sc;1;1;iota.sc;dieresistonos;;
alphatonos.sc;1;1;alpha.sc;tonos;;
epsilontonos.sc;1;1;epsilon.sc;tonos;;
etatonos.sc;1;1;eta.sc;tonos;;
iotatonos.sc;1;1;iota.sc;tonos;;
upsilondieresistonos.sc;1;1;upsilon.sc;dieresistonos;;
iotadieresis.sc;1;1;iota.sc;uni0308;;
upsilondieresis.sc;1;1;upsilon.sc;uni0308;;
omicrontonos.sc;1;1;omicron.sc;tonos;;
upsilontonos.sc;1;1;upsilon.sc;tonos;;
omegatonos.sc;1;1;omega.sc;tonos;;
uni0439.sc;1;1;uni0438.sc;uni0306;;
uni0450.sc;1;1;uni0435.sc;gravecomb;;
uni0451.sc;1;1;uni0435.sc;uni0308;;
uni0453.sc;1;1;uni0433.sc;acutecomb;;
uni0457.sc;1;1;uni0456.sc;uni0308;;
uni045C.sc;1;1;uni043A.sc;acutecomb;;
uni045D.sc;1;1;uni0438.sc;gravecomb;;
uni045E.sc;1;1;uni0443.sc;uni0306;;
uni0477.sc;1;1;uni0475.sc;uni030F;;
uni04C2.sc;1;1;uni0436.sc;uni0306;;
uni04D1.sc;1;1;uni0430.sc;uni0306;;
uni04D3.sc;1;1;uni0430.sc;uni0308;;
uni04D7.sc;1;1;uni0435.sc;uni0306;;
uni04DB.sc;1;1;uni04D9.sc;uni0308;;
uni04DD.sc;1;1;uni0436.sc;uni0308;;
uni04DF.sc;1;1;uni0437.sc;uni0308;;
uni04E3.sc;1;1;uni0438.sc;uni0304;;
uni04E5.sc;1;1;uni0438.sc;uni0308;;
uni04E7.sc;1;1;uni043E.sc;uni0308;;
uni04EB.sc;1;1;uni04E9.sc;uni0308;;
uni04ED.sc;1;1;uni044D.sc;uni0308;;
uni04EF.sc;1;1;uni0443.sc;uni0304;;
uni04F1.sc;1;1;uni0443.sc;uni0308;;
uni04F3.sc;1;1;uni0443.sc;uni030B;;
uni04F5.sc;1;1;uni0447.sc;uni0308;;
uni04F9.sc;1;1;uni044B.sc;uni0308;;
uni1E01.sc;1;1;a.sc;uni0325;;
uni1E03.sc;1;1;b.sc;uni0307;;
uni1E05.sc;1;1;b.sc;dotbelowcomb;;
uni1E07.sc;1;1;b.sc;uni0331;;
uni1E09.sc;1;1;c.sc;uni0327;acutecomb;
uni1E0B.sc;1;1;d.sc;uni0307;;
uni1E0D.sc;1;1;d.sc;dotbelowcomb;;
uni1E0F.sc;1;1;d.sc;uni0331;;
uni1E11.sc;1;1;d.sc;uni0327;;
uni1E13.sc;1;1;d.sc;uni032D;;
uni1E15.sc;1;1;e.sc;uni0304;gravecomb;
uni1E17.sc;1;1;e.sc;uni0304;acutecomb;
uni1E19.sc;1;1;e.sc;uni032D;;
uni1E1B.sc;1;1;e.sc;uni0330;;
uni1E1D.sc;1;1;e.sc;uni0327;uni0306;
uni1E1F.sc;1;1;f.sc;uni0307;;
uni1E21.sc;1;1;g.sc;uni0304;;
uni1E23.sc;1;1;h.sc;uni0307;;
uni1E25.sc;1;1;h.sc;dotbelowcomb;;
uni1E27.sc;1;1;h.sc;uni0308;;
uni1E29.sc;1;1;h.sc;uni0327;;
uni1E2B.sc;1;1;h.sc;uni032E;;
uni1E2D.sc;1;1;i.sc;uni0330;;
uni1E2F.sc;1;1;i.sc;uni0308_acutecomb;;
uni1E31.sc;1;1;k.sc;acutecomb;;
uni1E33.sc;1;1;k.sc;dotbelowcomb;;
uni1E35.sc;1;1;k.sc;uni0331;;
uni1E37.sc;1;1;l.sc;dotbelowcomb;;
uni1E39.sc;1;1;l.sc;dotbelowcomb;uni0304;
uni1E3B.sc;1;1;l.sc;uni0331;;
uni1E3D.sc;1;1;l.sc;uni032D;;
uni1E3F.sc;1;1;m.sc;acutecomb;;
uni1E41.sc;1;1;m.sc;uni0307;;
uni1E43.sc;1;1;m.sc;dotbelowcomb;;
uni1E45.sc;1;1;n.sc;uni0307;;
uni1E47.sc;1;1;n.sc;dotbelowcomb;;
uni1E49.sc;1;1;n.sc;uni0331;;
uni1E4B.sc;1;1;n.sc;uni032D;;
uni1E4D.sc;1;1;o.sc;tildecomb;acutecomb;
uni1E4F.sc;1;1;o.sc;tildecomb;uni0308;
uni1E51.sc;1;1;o.sc;uni0304;gravecomb;
uni1E53.sc;1;1;o.sc;uni0304;acutecomb;
uni1E55.sc;1;1;p.sc;acutecomb;;
uni1E57.sc;1;1;p.sc;uni0307;;
uni1E59.sc;1;1;r.sc;uni0307;;
uni1E5B.sc;1;1;r.sc;dotbelowcomb;;
uni1E5D.sc;1;1;r.sc;dotbelowcomb;uni0304;
uni1E5F.sc;1;1;r.sc;uni0331;;
uni1E61.sc;1;1;s.sc;uni0307;;
uni1E63.sc;1;1;s.sc;dotbelowcomb;;
uni1E65.sc;1;1;s.sc;acutecomb_uni0307;;
uni1E67.sc;1;1;s.sc;uni030C;uni0307;
uni1E69.sc;1;1;s.sc;dotbelowcomb;uni0307;
uni1E6B.sc;1;1;t.sc;uni0307;;
uni1E6D.sc;1;1;t.sc;dotbelowcomb;;
uni1E6F.sc;1;1;t.sc;uni0331;;
uni1E71.sc;1;1;t.sc;uni032D;;
uni1E73.sc;1;1;u.sc;uni0324;;
uni1E75.sc;1;1;u.sc;uni0330;;
uni1E77.sc;1;1;u.sc;uni032D;;
uni1E79.sc;1;1;u.sc;tildecomb;acutecomb;
uni1E7B.sc;1;1;u.sc;uni0304;uni0308;
uni1E7D.sc;1;1;v.sc;tildecomb;;
uni1E7F.sc;1;1;v.sc;dotbelowcomb;;
wgrave.sc;1;1;w.sc;gravecomb;;
wacute.sc;1;1;w.sc;acutecomb;;
wdieresis.sc;1;1;w.sc;uni0308;;
uni1E87.sc;1;1;w.sc;uni0307;;
uni1E89.sc;1;1;w.sc;dotbelowcomb;;
uni1E8B.sc;1;1;x.sc;uni0307;;
uni1E8D.sc;1;1;x.sc;uni0308;;
uni1E8F.sc;1;1;y.sc;uni0307;;
uni1E91.sc;1;1;z.sc;uni0302;;
uni1E93.sc;1;1;z.sc;dotbelowcomb;;
uni1E95.sc;1;1;z.sc;uni0331;;
uni1E96.sc;1;1;h.sc;uni0331;;
uni1E97.sc;1;1;t.sc;uni0308;;
uni1E98.sc;1;1;w.sc;uni030A;;
uni1E99.sc;1;1;y.sc;uni030A;;
uni1EA1.sc;1;1;a.sc;dotbelowcomb;;
uni1EA3.sc;1;1;a.sc;hookabovecomb;;
uni1EA5.sc;1;1;a.sc;uni0302_acutecomb;;
uni1EA7.sc;1;1;a.sc;uni0302_gravecomb;;
uni1EA9.sc;1;1;a.sc;uni0302_hookabovecomb;;
uni1EAB.sc;1;1;a.sc;uni0302;tildecomb;
uni1EAD.sc;1;1;a.sc;dotbelowcomb;uni0302;
uni1EAF.sc;1;1;a.sc;uni0306_acutecomb;;
uni1EB1.sc;1;1;a.sc;uni0306_gravecomb;;
uni1EB3.sc;1;1;a.sc;uni0306_hookabovecomb;;
uni1EB5.sc;1;1;a.sc;uni0306;tildecomb;
uni1EB7.sc;1;1;a.sc;dotbelowcomb;uni0306;
uni1EB9.sc;1;1;e.sc;dotbelowcomb;;
uni1EBB.sc;1;1;e.sc;hookabovecomb;;
uni1EBD.sc;1;1;e.sc;tildecomb;;
uni1EBF.sc;1;1;e.sc;uni0302_acutecomb;;
uni1EC1.sc;1;1;e.sc;uni0302_gravecomb;;
uni1EC3.sc;1;1;e.sc;uni0302_hookabovecomb;;
uni1EC5.sc;1;1;e.sc;uni0302;tildecomb;
uni1EC7.sc;1;1;e.sc;dotbelowcomb;uni0302;
uni1EC9.sc;1;1;i.sc;hookabovecomb;;
uni1ECB.sc;1;1;i.sc;dotbelowcomb;uni0307;
uni1ECD.sc;1;1;o.sc;dotbelowcomb;;
uni1ECF.sc;1;1;o.sc;hookabovecomb;;
uni1ED1.sc;1;1;o.sc;uni0302_acutecomb;;
uni1ED3.sc;1;1;o.sc;uni0302_gravecomb;;
uni1ED5.sc;1;1;o.sc;uni0302_hookabovecomb;;
uni1ED7.sc;1;1;o.sc;uni0302;tildecomb;
uni1ED9.sc;1;1;o.sc;dotbelowcomb;uni0302;
uni1EDB.sc;1;1;o.sc;uni031B;acutecomb;
uni1EDD.sc;1;1;o.sc;uni031B;gravecomb;
uni1EDF.sc;1;1;o.sc;uni031B;hookabovecomb;
uni1EE1.sc;1;1;o.sc;uni031B;tildecomb;
uni1EE3.sc;1;1;o.sc;dotbelowcomb;uni031B;
uni1EE5.sc;1;1;u.sc;dotbelowcomb;;
uni1EE7.sc;1;1;u.sc;hookabovecomb;;
uni1EE9.sc;1;1;u.sc;uni031B;acutecomb;
uni1EEB.sc;1;1;u.sc;uni031B;gravecomb;
uni1EED.sc;1;1;u.sc;uni031B;hookabovecomb;
uni1EEF.sc;1;1;u.sc;uni031B;tildecomb;
uni1EF1.sc;1;1;u.sc;dotbelowcomb;uni031B;
ygrave.sc;1;1;y.sc;gravecomb;;
uni1EF7.sc;1;1;y.sc;hookabovecomb;;
uni1EF9.sc;1;1;y.sc;tildecomb;;
uni1F00.sc;1;1;alpha.sc;uni1FBF;;
uni1F01.sc;1;1;alpha.sc;uni1FFE;;
uni1F02.sc;1;1;alpha.sc;uni1FCD;;
uni1F03.sc;1;1;alpha.sc;uni1FDD;;
uni1F04.sc;1;1;alpha.sc;uni1FCE;;
uni1F05.sc;1;1;alpha.sc;uni1FDE;;
uni1F06.sc;1;1;alpha.sc;uni1FCE;;
uni1F07.sc;1;1;alpha.sc;uni1FDF;;
uni1F10.sc;1;1;epsilon.sc;uni1FBF;;
uni1F11.sc;1;1;epsilon.sc;uni1FFE;;
uni1F12.sc;1;1;epsilon.sc;uni1FCD;;
uni1F13.sc;1;1;epsilon.sc;uni1FDD;;
uni1F14.sc;1;1;epsilon.sc;uni1FCE;;
uni1F15.sc;1;1;epsilon.sc;uni1FDE;;
uni1F20.sc;1;1;eta.sc;uni1FBF;;
uni1F21.sc;1;1;eta.sc;uni1FFE;;
uni1F22.sc;1;1;eta.sc;uni1FCD;;
uni1F23.sc;1;1;eta.sc;uni1FDD;;
uni1F24.sc;1;1;eta.sc;uni1FCE;;
uni1F25.sc;1;1;eta.sc;uni1FDE;;
uni1F26.sc;1;1;eta.sc;uni1FCE;;
uni1F27.sc;1;1;eta.sc;uni1FDF;;
uni1F30.sc;1;1;iota.sc;uni1FBF;;
uni1F31.sc;1;1;iota.sc;uni1FFE;;
uni1F32.sc;1;1;iota.sc;uni1FCD;;
uni1F33.sc;1;1;iota.sc;uni1FDD;;
uni1F34.sc;1;1;iota.sc;uni1FCE;;
uni1F35.sc;1;1;iota.sc;uni1FDE;;
uni1F36.sc;1;1;iota.sc;uni1FCE;;
uni1F37.sc;1;1;iota.sc;uni1FDF;;
uni1F40.sc;1;1;omicron.sc;uni1FBF;;
uni1F41.sc;1;1;omicron.sc;uni1FFE;;
uni1F42.sc;1;1;omicron.sc;uni1FCD;;
uni1F43.sc;1;1;omicron.sc;uni1FDD;;
uni1F44.sc;1;1;omicron.sc;uni1FCE;;
uni1F45.sc;1;1;omicron.sc;uni1FDE;;
uni1F50.sc;1;1;upsilon.sc;uni1FBF;;
uni1F51.sc;1;1;upsilon.sc;uni1FFE;;
uni1F52.sc;1;1;upsilon.sc;uni1FCD;;
uni1F53.sc;1;1;upsilon.sc;uni1FDD;;
uni1F54.sc;1;1;upsilon.sc;uni1FCE;;
uni1F55.sc;1;1;upsilon.sc;uni1FDE;;
uni1F56.sc;1;1;upsilon.sc;uni1FCE;;
uni1F57.sc;1;1;upsilon.sc;uni1FDF;;
uni1F60.sc;1;1;omega.sc;uni1FBF;;
uni1F61.sc;1;1;omega.sc;uni1FFE;;
uni1F62.sc;1;1;omega.sc;uni1FCD;;
uni1F63.sc;1;1;omega.sc;uni1FDD;;
uni1F64.sc;1;1;omega.sc;uni1FCE;;
uni1F65.sc;1;1;omega.sc;uni1FDE;;
uni1F66.sc;1;1;omega.sc;uni1FCE;;
uni1F67.sc;1;1;omega.sc;uni1FDF;;
uni1F70.sc;1;1;alpha.sc;uni1FEF;;
uni1F71.sc;1;1;alpha.sc;uni1FFD;;
uni1F72.sc;1;1;epsilon.sc;uni1FEF;;
uni1F73.sc;1;1;epsilon.sc;uni1FFD;;
uni1F74.sc;1;1;eta.sc;uni1FEF;;
uni1F75.sc;1;1;eta.sc;uni1FFD;;
uni1F76.sc;1;1;iota.sc;uni1FEF;;
uni1F77.sc;1;1;iota.sc;uni1FFD;;
uni1F78.sc;1;1;omicron.sc;uni1FEF;;
uni1F79.sc;1;1;omicron.sc;uni1FFD;;
uni1F7A.sc;1;1;upsilon.sc;uni1FEF;;
uni1F7B.sc;1;1;upsilon.sc;uni1FFD;;
uni1F7C.sc;1;1;omega.sc;uni1FEF;;
uni1F7D.sc;1;1;omega.sc;uni1FFD;;
uni1F80.sc;1;1;alpha.sc;uni1FBE;uni1FBF;
uni1F81.sc;1;1;alpha.sc;uni1FBE;uni1FFE;
uni1F82.sc;1;1;alpha.sc;uni1FBE;uni1FCD;
uni1F83.sc;1;1;alpha.sc;uni1FBE;uni1FDD;
uni1F84.sc;1;1;alpha.sc;uni1FBE;uni1FCE;
uni1F85.sc;1;1;alpha.sc;uni1FBE;uni1FDE;
uni1F86.sc;1;1;alpha.sc;uni1FBE;uni1FCE;
uni1F87.sc;1;1;alpha.sc;uni1FBE;uni1FDF;
uni1F90.sc;1;1;eta.sc;uni1FBE;uni1FBF;
uni1F91.sc;1;1;eta.sc;uni1FBE;uni1FFE;
uni1F92.sc;1;1;eta.sc;uni1FBE;uni1FCD;
uni1F93.sc;1;1;eta.sc;uni1FBE;uni1FDD;
uni1F94.sc;1;1;eta.sc;uni1FBE;uni1FCE;
uni1F95.sc;1;1;eta.sc;uni1FBE;uni1FDE;
uni1F96.sc;1;1;eta.sc;uni1FBE;uni1FCE;
uni1F97.sc;1;1;eta.sc;uni1FBE;uni1FDF;
uni1FA0.sc;1;1;omega.sc;uni1FBE;uni1FBF;
uni1FA1.sc;1;1;omega.sc;uni1FBE;uni1FFE;
uni1FA2.sc;1;1;omega.sc;uni1FBE;uni1FCD;
uni1FA3.sc;1;1;omega.sc;uni1FBE;uni1FDD;
uni1FA4.sc;1;1;omega.sc;uni1FBE;uni1FCE;
uni1FA5.sc;1;1;omega.sc;uni1FBE;uni1FDE;
uni1FA6.sc;1;1;omega.sc;uni1FBE;uni1FCE;
uni1FA7.sc;1;1;omega.sc;uni1FBE;uni1FDF;
uni1FB0.sc;1;1;alpha.sc;uni0306;;
uni1FB1.sc;1;1;alpha.sc;uni0304;;
uni1FB2.sc;1;1;alpha.sc;uni1FBE;uni1FEF;
uni1FB3.sc;1;1;alpha.sc;uni1FBE;;
uni1FB4.sc;1;1;alpha.sc;uni1FBE;uni1FFD;
uni1FB6.sc;1;1;alpha.sc;uni1FC0;;
uni1FB7.sc;1;1;alpha.sc;uni1FBE;uni1FC0;
uni1FC2.sc;1;1;eta.sc;uni1FBE;uni1FEF;
uni1FC3.sc;1;1;eta.sc;uni1FBE;;
uni1FC4.sc;1;1;eta.sc;uni1FBE;uni1FFD;
uni1FC6.sc;1;1;eta.sc;uni1FC0;;
uni1FC7.sc;1;1;eta.sc;uni1FBE;uni1FC0;
uni1FD0.sc;1;1;iota.sc;uni0306;;
uni1FD1.sc;1;1;iota.sc;uni0304;;
uni1FD2.sc;1;1;iota.sc;uni1FED;;
uni1FD3.sc;1;1;iota.sc;uni1FEE;;
uni1FD6.sc;1;1;iota.sc;uni1FC0;;
uni1FD7.sc;1;1;iota.sc;uni1FC1;;
uni1FE0.sc;1;1;upsilon.sc;uni0306;;
uni1FE1.sc;1;1;upsilon.sc;uni0304;;
uni1FE2.sc;1;1;upsilon.sc;uni1FED;;
uni1FE3.sc;1;1;upsilon.sc;uni1FEE;;
uni1FE4.sc;1;1;rho.sc;uni1FBF;;
uni1FE5.sc;1;1;rho.sc;uni1FFE;;
uni1FE6.sc;1;1;upsilon.sc;uni1FC0;;
uni1FE7.sc;1;1;upsilon.sc;uni1FC1;;
uni1FF2.sc;1;1;omega.sc;uni1FBE;uni1FEF;
uni1FF3.sc;1;1;omega.sc;uni1FBE;;
uni1FF4.sc;1;1;omega.sc;uni1FBE;uni1FFD;
uni1FF6.sc;1;1;omega.sc;uni1FC0;;
uni1FF7.sc;1;1;omega.sc;uni1FBE;uni1FC0;
Gcircumflex.cv21;1;1;G.cv21;uni0302;;
Gbreve.cv21;1;1;G.cv21;uni0306;;
Gdotaccent.cv21;1;1;G.cv21;uni0307;;
Gcommaaccent.cv21;1;1;G.cv21;uni0326;;
Gcaron.cv21;1;1;G.cv21;uni030C;;
uni01F4.cv21;1;1;G.cv21;acutecomb;;
uni1E20.cv21;1;1;G.cv21;uni0304;;
gcircumflex.sc.cv21;1;1;g.sc.cv21;uni0302;;
gbreve.sc.cv21;1;1;g.sc.cv21;uni0306;;
gdotaccent.sc.cv21;1;1;g.sc.cv21;uni0307;;
gcommaaccent.sc.cv21;1;1;g.sc.cv21;uni0312;;
gcaron.sc.cv21;1;1;g.sc.cv21;uni030C;;
uni01F5.sc.cv21;1;1;g.sc.cv21;acutecomb;;
uni1E21.sc.cv21;1;1;g.sc.cv21;uni0304;;
Igrave.cv22;1;1;I.cv22;gravecomb;;
Iacute.cv22;1;1;I.cv22;acutecomb;;
Icircumflex.cv22;1;1;I.cv22;uni0302;;
Idieresis.cv22;1;1;I.cv22;uni0308;;
Itilde.cv22;1;1;I.cv22;tildecomb;;
Imacron.cv22;1;1;I.cv22;uni0304;;
Ibreve.cv22;1;1;I.cv22;uni0306;;
Iogonek.cv22;1;1;I.cv22;uni0328;;
Idotaccent.cv22;1;1;I.cv22;uni0307;;
uni01CF.cv22;1;1;I.cv22;uni030C;;
uni0208.cv22;1;1;I.cv22;uni030F;;
uni020A.cv22;1;1;I.cv22;uni0311;;
Iotatonos.cv22;0;0;Iota.cv22;tonos;;
Iotadieresis.cv22;1;1;Iota.cv22;uni0308;;
uni0407.cv22;1;1;uni0406.cv22;uni0308;;
uni1E2C.cv22;1;1;I.cv22;uni0330;;
uni1E2E.cv22;1;1;I.cv22;uni0308_acutecomb;;
uni1EC8.cv22;1;1;I.cv22;hookabovecomb;;
uni1ECA.cv22;1;1;I.cv22;dotbelowcomb;;
uni1F38.cv22;0;0;Iota.cv22;uni1FBF;;
uni1F39.cv22;0;0;Iota.cv22;uni1FFE;;
uni1F3A.cv22;0;0;Iota.cv22;uni1FCD;;
uni1F3B.cv22;0;0;Iota.cv22;uni1FDD;;
uni1F3C.cv22;0;0;Iota.cv22;uni1FCE;;
uni1F3D.cv22;0;0;Iota.cv22;uni1FDE;;
uni1F3E.cv22;0;0;Iota.cv22;uni1FCF;;
uni1F3F.cv22;0;0;Iota.cv22;uni1FDF;;
uni1FD8.cv22;1;1;Iota.cv22;uni030C;;
uni1FD9.cv22;1;1;Iota.cv22;uni0304;;
uni1FDA.cv22;0;0;Iota.cv22;uni1FEF;;
uni1FDB.cv22;0;0;Iota.cv22;uni1FFD;;
igrave.sc.cv22;1;1;i.sc.cv22;gravecomb;;
iacute.sc.cv22;1;1;i.sc.cv22;acutecomb;;
icircumflex.sc.cv22;1;1;i.sc.cv22;uni0302;;
idieresis.sc.cv22;1;1;i.sc.cv22;uni0308;;
itilde.sc.cv22;1;1;i.sc.cv22;tildecomb;;
imacron.sc.cv22;1;1;i.sc.cv22;uni0304;;
ibreve.sc.cv22;1;1;i.sc.cv22;uni0306;;
iogonek.sc.cv22;1;1;i.sc.cv22;uni0328;;
uni01D0.sc.cv22;1;1;i.sc.cv22;uni030C;;
uni0209.sc.cv22;1;1;i.sc.cv22;uni030F;;
uni020B.sc.cv22;1;1;i.sc.cv22;uni0311;;
iotadieresistonos.sc.cv22;1;1;iota.sc.cv22;dieresistonos;;
iotatonos.sc.cv22;1;1;iota.sc.cv22;tonos;;
iotadieresis.sc.cv22;1;1;iota.sc.cv22;uni0308;;
uni0457.sc.cv22;1;1;uni0456.sc.cv22;uni0308;;
uni1E2D.sc.cv22;1;1;i.sc.cv22;uni0330;;
uni1E2F.sc.cv22;1;1;i.sc.cv22;uni0308_acutecomb;;
uni1EC9.sc.cv22;1;1;i.sc.cv22;hookabovecomb;;
uni1ECB.sc.cv22;1;1;i.sc.cv22;dotbelowcomb;;
uni1F30.sc.cv22;1;1;iota.sc.cv22;uni1FBF;;
uni1F31.sc.cv22;1;1;iota.sc.cv22;uni1FFE;;
uni1F32.sc.cv22;1;1;iota.sc.cv22;uni1FCD;;
uni1F33.sc.cv22;1;1;iota.sc.cv22;uni1FDD;;
uni1F34.sc.cv22;1;1;iota.sc.cv22;uni1FCE;;
uni1F35.sc.cv22;1;1;iota.sc.cv22;uni1FDE;;
uni1F36.sc.cv22;1;1;iota.sc.cv22;uni1FCF;;
uni1F37.sc.cv22;1;1;iota.sc.cv22;uni1FDF;;
uni1F76.sc.cv22;1;1;iota.sc.cv22;uni1FEF;;
uni1F77.sc.cv22;1;1;iota.sc.cv22;uni1FFD;;
uni1FD0.sc.cv22;1;1;iota.sc.cv22;uni0306;;
uni1FD1.sc.cv22;1;1;iota.sc.cv22;uni0304;;
uni1FD2.sc.cv22;1;1;iota.sc.cv22;uni1FED;;
uni1FD3.sc.cv22;1;1;iota.sc.cv22;uni1FEE;;
uni1FD6.sc.cv22;1;1;iota.sc.cv22;uni1FC0;;
uni1FD7.sc.cv22;1;1;iota.sc.cv22;uni1FC1;;
agrave.cv23;1;1;a.cv23;gravecomb;;
aacute.cv23;1;1;a.cv23;acutecomb;;
acircumflex.cv23;1;1;a.cv23;uni0302;;
atilde.cv23;1;1;a.cv23;tildecomb;;
adieresis.cv23;1;1;a.cv23;uni0308;;
aring.cv23;1;1;a.cv23;uni030A;;
amacron.cv23;1;1;a.cv23;uni0304;;
abreve.cv23;1;1;a.cv23;uni0306;;
aogonek.cv23;1;1;a.cv23;uni0328;;
uni01CE.cv23;1;1;a.cv23;uni030C;;
uni01DF.cv23;1;1;a.cv23;uni0308;uni0304;
uni01E1.cv23;1;1;a.cv23;uni0307;uni0304;
uni01E3.cv23;1;1;ae.cv23;uni0304;;
aringacute.cv23;1;1;a.cv23;uni030A_acutecomb;;
aeacute.cv23;1;1;ae.cv23;acutecomb;;
uni0201.cv23;1;1;a.cv23;uni030F;;
uni0203.cv23;1;1;a.cv23;uni0311;;
uni0227.cv23;1;1;a.cv23;uni0307;;
uni04D1.cv23;1;1;uni0430.cv23;uni0306;;
uni04D3.cv23;1;1;uni0430.cv23;uni0308;;
uni1E01.cv23;1;1;a.cv23;uni0325;;
uni1EA1.cv23;1;1;a.cv23;dotbelowcomb;;
uni1EA3.cv23;1;1;a.cv23;hookabovecomb;;
uni1EA5.cv23;1;1;a.cv23;uni0302_acutecomb;;
uni1EA7.cv23;1;1;a.cv23;uni0302_gravecomb;;
uni1EA9.cv23;1;1;a.cv23;uni0302_hookabovecomb;;
uni1EAB.cv23;1;1;a.cv23;uni0302;tildecomb;
uni1EAD.cv23;1;1;a.cv23;dotbelowcomb;uni0302;
uni1EAF.cv23;1;1;a.cv23;uni0306_acutecomb;;
uni1EB1.cv23;1;1;a.cv23;uni0306_gravecomb;;
uni1EB3.cv23;1;1;a.cv23;uni0306_hookabovecomb;;
uni1EB5.cv23;1;1;a.cv23;uni0306;tildecomb;
uni1EB7.cv23;1;1;a.cv23;dotbelowcomb;uni0306;
gcircumflex.cv24;1;1;g.cv24;uni0302;;
gbreve.cv24;1;1;g.cv24;uni0306;;
gdotaccent.cv24;1;1;g.cv24;uni0307;;
gcommaaccent.cv24;1;1;g.cv24;uni0312;;
gcaron.cv24;1;1;g.cv24;uni030C;;
uni01F5.cv24;1;1;g.cv24;acutecomb;;
uni1E21.cv24;1;1;g.cv24;uni0304;;
ugrave.cv25;1;1;u.cv25;gravecomb;;
uacute.cv25;1;1;u.cv25;acutecomb;;
ucircumflex.cv25;1;1;u.cv25;uni0302;;
udieresis.cv25;1;1;u.cv25;uni0308;;
utilde.cv25;1;1;u.cv25;tildecomb;;
umacron.cv25;1;1;u.cv25;uni0304;;
ubreve.cv25;1;1;u.cv25;uni0306;;
uring.cv25;1;1;u.cv25;uni030A;;
uhungarumlaut.cv25;1;1;u.cv25;uni030B;;
uogonek.cv25;1;1;u.cv25;uni0328;;
uhorn.cv25;1;1;u.cv25;uni031B;;
uni01D4.cv25;1;1;u.cv25;uni030C;;
uni01D6.cv25;1;1;u.cv25;uni0308;uni0304;
uni01D8.cv25;1;1;u.cv25;uni0308_acutecomb;;
uni01DA.cv25;1;1;u.cv25;uni0308_uni030C;;
uni01DC.cv25;1;1;u.cv25;uni0308_gravecomb;;
uni0215.cv25;1;1;u.cv25;uni030F;;
uni0217.cv25;1;1;u.cv25;uni0311;;
uni1E73.cv25;1;1;u.cv25;uni0324;;
uni1E75.cv25;1;1;u.cv25;uni0330;;
uni1E77.cv25;1;1;u.cv25;uni032D;;
uni1E79.cv25;1;1;u.cv25;tildecomb;acutecomb;
uni1E7B.cv25;1;1;u.cv25;uni0304;uni0308;
uni1EE5.cv25;1;1;u.cv25;dotbelowcomb;;
uni1EE7.cv25;1;1;u.cv25;hookabovecomb;;
uni1EE9.cv25;1;1;u.cv25;uni031B;acutecomb;
uni1EEB.cv25;1;1;u.cv25;uni031B;gravecomb;
uni1EED.cv25;1;1;u.cv25;uni031B;hookabovecomb;
uni1EEF.cv25;1;1;u.cv25;uni031B;tildecomb;
uni1EF1.cv25;1;1;u.cv25;dotbelowcomb;uni031B;
f.ss08;1;1;f;;;
i.ss08;1;1;i;;;
j.ss08;1;1;j;;;
l.ss08;1;1;l;;;
t.ss08;1;1;t;;;
