Name;Styles;Allow left overflow;Allow right overflow;Base;Comp. 2;Comp. 3;Comp. 4
i;3;1;1;dotlessi;uni0307;;
j;3;1;1;uni0237;uni0307;;
Agrave;3;1;1;A;gravecomb;;
Aacute;3;1;1;A;acutecomb;;
Acircumflex;3;1;1;A;uni0302;;
Atilde;3;1;1;A;tildecomb;;
Adieresis;3;1;1;A;uni0308;;
Aring;3;1;1;A;uni030A;;
Ccedilla;3;1;1;C;uni0327;;
Egrave;3;1;1;E;gravecomb;;
Eacute;3;1;1;E;acutecomb;;
Ecircumflex;3;1;1;E;uni0302;;
Edieresis;3;1;1;E;uni0308;;
Igrave;3;1;1;I;gravecomb;;
Iacute;3;1;1;I;acutecomb;;
Icircumflex;3;1;1;I;uni0302;;
Idieresis;3;1;1;I;uni0308;;
Ograve;3;1;1;O;gravecomb;;
Oacute;3;1;1;O;acutecomb;;
Ocircumflex;3;1;1;O;uni0302;;
Otilde;3;1;1;O;tildecomb;;
Odieresis;3;1;1;O;uni0308;;
Ugrave;3;1;1;U;gravecomb;;
Uacute;3;1;1;U;acutecomb;;
Ucircumflex;3;1;1;U;uni0302;;
Udieresis;3;1;1;U;uni0308;;
Yacute;3;1;1;Y;acutecomb;;
agrave;3;1;1;a;gravecomb;;
aacute;3;1;1;a;acutecomb;;
acircumflex;3;1;1;a;uni0302;;
atilde;3;1;1;a;tildecomb;;
adieresis;3;1;1;a;uni0308;;
aring;3;1;1;a;uni030A;;
ccedilla;3;1;1;c;uni0327;;
egrave;3;1;1;e;gravecomb;;
eacute;3;1;1;e;acutecomb;;
ecircumflex;3;1;1;e;uni0302;;
edieresis;3;1;1;e;uni0308;;
igrave;3;1;1;dotlessi;gravecomb;;
iacute;3;1;1;dotlessi;acutecomb;;
icircumflex;3;1;1;dotlessi;uni0302;;
idieresis;3;1;1;dotlessi;uni0308;;
ntilde;3;1;1;n;tildecomb;;
ograve;3;1;1;o;gravecomb;;
oacute;3;1;1;o;acutecomb;;
ocircumflex;3;1;1;o;uni0302;;
otilde;3;1;1;o;tildecomb;;
odieresis;3;1;1;o;uni0308;;
ugrave;3;1;1;u;gravecomb;;
uacute;3;1;1;u;acutecomb;;
ucircumflex;3;1;1;u;uni0302;;
udieresis;3;1;1;u;uni0308;;
yacute;3;1;1;y;acutecomb;;
Amacron;3;1;1;A;uni0304;;
amacron;3;1;1;a;uni0304;;
Abreve;3;1;1;A;uni0306;;
abreve;3;1;1;a;uni0306;;
Aogonek;3;1;1;A;uni0328;;
aogonek;3;1;1;a;uni0328;;
Cacute;3;1;1;C;acutecomb;;
cacute;3;1;1;c;acutecomb;;
Ccircumflex;3;1;1;C;uni0302;;
ccircumflex;3;1;1;c;uni0302;;
Cdotaccent;3;1;1;C;uni0307;;
cdotaccent;3;1;1;c;uni0307;;
Ccaron;3;1;1;C;uni030C;;
ccaron;3;1;1;c;uni030C;;
Dcaron;3;1;1;D;uni030C;;
Emacron;3;1;1;E;uni0304;;
emacron;3;1;1;e;uni0304;;
Ebreve;3;1;1;E;uni0306;;
ebreve;3;1;1;e;uni0306;;
Edotaccent;3;1;1;E;uni0307;;
edotaccent;3;1;1;e;uni0307;;
Eogonek;3;1;1;E;uni0328;;
eogonek;3;1;1;e;uni0328;;
Ecaron;3;1;1;E;uni030C;;
ecaron;3;1;1;e;uni030C;;
Gcircumflex;3;1;1;G;uni0302;;
gcircumflex;3;1;1;g;uni0302;;
Gbreve;3;1;1;G;uni0306;;
gbreve;3;1;1;g;uni0306;;
Gdotaccent;3;1;1;G;uni0307;;
gdotaccent;3;1;1;g;uni0307;;
Gcommaaccent;3;1;1;G;uni0326;;
gcommaaccent;3;1;1;g;uni0312;;
Hcircumflex;3;1;1;H;uni0302;;
hcircumflex;3;1;1;h;uni0302;;
Itilde;3;1;1;I;tildecomb;;
itilde;3;1;1;dotlessi;tildecomb;;
Imacron;3;1;1;I;uni0304;;
imacron;3;1;1;dotlessi;uni0304;;
Ibreve;3;1;1;I;uni0306;;
ibreve;3;1;1;dotlessi;uni0306;;
Iogonek;3;1;1;I;uni0328;;
iogonek;3;1;1;dotlessi;uni0328;;
Idotaccent;3;1;1;I;uni0307;;
Jcircumflex;3;1;1;J;uni0302;;
jcircumflex;3;1;1;uni0237;uni0302;;
Kcommaaccent;3;1;1;K;uni0326;;
kcommaaccent;3;1;1;k;uni0326;;
Lacute;3;1;1;L;acutecomb;;
lacute;3;1;1;l;acutecomb;;
Lcommaaccent;3;1;1;L;uni0326;;
lcommaaccent;3;1;1;l;uni0326;;
Nacute;3;1;1;N;acutecomb;;
nacute;3;1;1;n;acutecomb;;
Ncommaaccent;3;1;1;N;uni0326;;
ncommaaccent;3;1;1;n;uni0326;;
Ncaron;3;1;1;N;uni030C;;
ncaron;3;1;1;n;uni030C;;
Omacron;3;1;1;O;uni0304;;
omacron;3;1;1;o;uni0304;;
Obreve;3;1;1;O;uni0306;;
obreve;3;1;1;o;uni0306;;
Ohungarumlaut;3;1;1;O;uni030B;;
ohungarumlaut;3;1;1;o;uni030B;;
Racute;3;1;1;R;acutecomb;;
racute;3;1;1;r;acutecomb;;
Rcommaaccent;3;1;1;R;uni0326;;
rcommaaccent;3;1;1;r;uni0326;;
Rcaron;3;1;1;R;uni030C;;
rcaron;3;1;1;r;uni030C;;
Sacute;3;1;1;S;acutecomb;;
sacute;3;1;1;s;acutecomb;;
Scircumflex;3;1;1;S;uni0302;;
scircumflex;3;1;1;s;uni0302;;
Scedilla;3;1;1;S;uni0327;;
scedilla;3;1;1;s;uni0327;;
Scaron;3;1;1;S;uni030C;;
scaron;3;1;1;s;uni030C;;
uni0162;3;1;1;T;uni0327;;
uni0163;3;1;1;t;uni0327;;
Tcaron;3;1;1;T;uni030C;;
Utilde;3;1;1;U;tildecomb;;
utilde;3;1;1;u;tildecomb;;
Umacron;3;1;1;U;uni0304;;
umacron;3;1;1;u;uni0304;;
Ubreve;3;1;1;U;uni0306;;
ubreve;3;1;1;u;uni0306;;
Uring;3;1;1;U;uni030A;;
uring;3;1;1;u;uni030A;;
Uhungarumlaut;3;1;1;U;uni030B;;
uhungarumlaut;3;1;1;u;uni030B;;
Uogonek;3;1;1;U;uni0328;;
uogonek;3;1;1;u;uni0328;;
Wcircumflex;3;1;1;W;uni0302;;
wcircumflex;3;1;1;w;uni0302;;
Ycircumflex;3;1;1;Y;uni0302;;
ycircumflex;3;1;1;y;uni0302;;
Ydieresis;3;1;1;Y;uni0308;;
Zacute;3;1;1;Z;acutecomb;;
zacute;3;1;1;z;acutecomb;;
Zdotaccent;3;1;1;Z;uni0307;;
zdotaccent;3;1;1;z;uni0307;;
Zcaron;3;1;1;Z;uni030C;;
zcaron;3;1;1;z;uni030C;;
Ohorn;3;1;1;O;uni031B;;
ohorn;3;1;1;o;uni031B;;
Uhorn;3;1;1;U;uni031B;;
uhorn;3;1;1;u;uni031B;;
uni01CD;3;1;1;A;uni030C;;
uni01CE;3;1;1;a;uni030C;;
uni01CF;3;1;1;I;uni030C;;
uni01D0;3;1;1;dotlessi;uni030C;;
uni01D1;3;1;1;O;uni030C;;
uni01D2;3;1;1;o;uni030C;;
uni01D3;3;1;1;U;uni030C;;
uni01D4;3;1;1;u;uni030C;;
uni01D5;3;1;1;U;uni0308.case;uni0304.case;
uni01D6;3;1;1;u;uni0308;uni0304;
uni01D7;3;1;1;U;uni0308_acutecomb;;
uni01D8;3;1;1;u;uni0308_acutecomb;;
uni01D9;3;1;1;U;uni0308_uni030C;;
uni01DA;3;1;1;u;uni0308_uni030C;;
uni01DB;3;1;1;U;uni0308_gravecomb;;
uni01DC;3;1;1;u;uni0308_gravecomb;;
uni01DE;3;1;1;A;uni0308.case;uni0304.case;
uni01DF;3;1;1;a;uni0308;uni0304;
uni01E0;3;1;1;A;uni0307.case;uni0304.case;
uni01E1;3;1;1;a;uni0307;uni0304;
uni01E2;3;1;1;AE;uni0304;;
uni01E3;3;1;1;ae;uni0304;;
Gcaron;3;1;1;G;uni030C;;
gcaron;3;1;1;g;uni030C;;
uni01E8;3;1;1;K;uni030C;;
uni01E9;3;1;1;k;uni030C;;
uni01EA;3;1;1;O;uni0328;;
uni01EB;3;1;1;o;uni0328;;
uni01EC;3;1;1;O;uni0328;uni0304;
uni01ED;3;1;1;o;uni0328;uni0304;
uni01EE;3;1;1;uni01B7;uni030C;;
uni01EF;3;1;1;uni0292;uni030C;;
uni01F0;3;1;1;uni0237;uni030C;;
uni01F4;3;1;1;G;acutecomb;;
uni01F5;3;1;1;g;acutecomb;;
uni01F8;3;1;1;N;gravecomb;;
uni01F9;3;1;1;n;gravecomb;;
Aringacute;3;1;1;A;uni030A_acutecomb;;
aringacute;3;1;1;a;uni030A_acutecomb;;
AEacute;3;1;1;AE;acutecomb;;
aeacute;3;1;1;ae;acutecomb;;
Oslashacute;3;1;1;Oslash;acutecomb;;
oslashacute;3;1;1;oslash;acutecomb;;
uni0200;3;1;1;A;uni030F;;
uni0201;3;1;1;a;uni030F;;
uni0202;3;1;1;A;uni0311;;
uni0203;3;1;1;a;uni0311;;
uni0204;3;1;1;E;uni030F;;
uni0205;3;1;1;e;uni030F;;
uni0206;3;1;1;E;uni0311;;
uni0207;3;1;1;e;uni0311;;
uni0208;3;1;1;I;uni030F;;
uni0209;3;1;1;dotlessi;uni030F;;
uni020A;3;1;1;I;uni0311;;
uni020B;3;1;1;dotlessi;uni0311;;
uni020C;3;1;1;O;uni030F;;
uni020D;3;1;1;o;uni030F;;
uni020E;3;1;1;O;uni0311;;
uni020F;3;1;1;o;uni0311;;
uni0210;3;1;1;R;uni030F;;
uni0211;3;1;1;r;uni030F;;
uni0212;3;1;1;R;uni0311;;
uni0213;3;1;1;r;uni0311;;
uni0214;3;1;1;U;uni030F;;
uni0215;3;1;1;u;uni030F;;
uni0216;3;1;1;U;uni0311;;
uni0217;3;1;1;u;uni0311;;
Scommaaccent;3;1;1;S;uni0326;;
scommaaccent;3;1;1;s;uni0326;;
uni021A;3;1;1;T;uni0326;;
uni021B;3;1;1;t;uni0326;;
uni021E;3;1;1;H;uni030C;;
uni021F;3;1;1;h;uni030C;;
uni0226;3;1;1;A;uni0307;;
uni0227;3;1;1;a;uni0307;;
uni0228;3;1;1;E;uni0327;;
uni0229;3;1;1;e;uni0327;;
uni022A;3;1;1;O;uni0308.case;uni0304.case;
uni022B;3;1;1;o;uni0308;uni0304;
uni022C;3;1;1;O;tildecomb.case;uni0304.case;
uni022D;3;1;1;o;tildecomb;uni0304;
uni022E;3;1;1;O;uni0307;;
uni022F;3;1;1;o;uni0307;;
uni0230;3;1;1;O;uni0307.case;uni0304.case;
uni0231;3;1;1;o;uni0307;uni0304;
uni0232;3;1;1;Y;uni0304;;
uni0233;3;1;1;y;uni0304;;
uni0249;3;1;1;uni025F;uni0307;;
uni0268;3;1;1;dotlessuni0268;uni0307;;
Alphatonos;3;0;0;Alpha;tonos;;
Epsilontonos;3;0;0;Epsilon;tonos;;
Etatonos;3;0;0;Eta;tonos;;
Iotatonos;3;0;0;Iota;tonos;;
Omicrontonos;3;0;0;Omicron;tonos;;
Upsilontonos;3;0;0;Upsilon;tonos;;
Omegatonos;3;0;0;uni03A9;tonos;;
iotadieresistonos;3;1;1;iota;dieresistonos;;
Iotadieresis;3;1;1;Iota;uni0308;;
Upsilondieresis;3;1;1;Upsilon;uni0308;;
alphatonos;3;1;1;alpha;tonos;;
epsilontonos;3;1;1;epsilon;tonos;;
etatonos;3;1;1;eta;tonos;;
iotatonos;3;1;1;iota;tonos;;
upsilondieresistonos;3;1;1;upsilon;dieresistonos;;
iotadieresis;3;1;1;iota;uni0308;;
upsilondieresis;3;1;1;upsilon;uni0308;;
omicrontonos;3;1;1;omicron;tonos;;
upsilontonos;3;1;1;upsilon;tonos;;
omegatonos;3;1;1;omega;tonos;;
uni03D3;3;0;0;Upsilon1;tonos;;
uni03D4;3;1;1;Upsilon1;uni0308;;
uni03F3;3;1;1;uni0237;uni0307;;
uni0400;3;1;1;uni0415;gravecomb;;
uni0401;3;1;1;uni0415;uni0308;;
uni0403;3;1;1;uni0413;acutecomb;;
uni0407;3;1;1;uni0406;uni0308;;
uni040C;3;1;1;uni041A;acutecomb;;
uni040D;3;1;1;uni0418;gravecomb;;
uni040E;3;1;1;uni0423;uni0306;;
uni0419;3;1;1;uni0418;uni0306;;
uni0439;3;1;1;uni0438;uni0306;;
uni0450;3;1;1;uni0435;gravecomb;;
uni0451;3;1;1;uni0435;uni0308;;
uni0453;3;1;1;uni0433;acutecomb;;
uni0456;3;1;1;dotlessi;uni0307;;
uni0457;3;1;1;dotlessi;uni0308;;
uni0458;3;1;1;uni0237;uni0307;;
uni045C;3;1;1;uni043A;acutecomb;;
uni045D;3;1;1;uni0438;gravecomb;;
uni045E;3;1;1;uni0443;uni0306;;
uni0476;3;1;1;uni0474;uni030F;;
uni0477;3;1;1;uni0475;uni030F;;
uni047C;3;1;1;uniA7B6;uni0486;uni0487;
uni047D;3;1;1;uniA7B7;uni0486;uni0487;
uni04C1;3;1;1;uni0416;uni0306;;
uni04C2;3;1;1;uni0436;uni0306;;
uni04D0;3;1;1;uni0410;uni0306;;
uni04D1;3;1;1;uni0430;uni0306;;
uni04D2;3;1;1;uni0410;uni0308;;
uni04D3;3;1;1;uni0430;uni0308;;
uni04D6;3;1;1;uni0415;uni0306;;
uni04D7;3;1;1;uni0435;uni0306;;
uni04DA;3;1;1;uni04D8;uni0308;;
uni04DB;3;1;1;uni04D9;uni0308;;
uni04DC;3;1;1;uni0416;uni0308;;
uni04DD;3;1;1;uni0436;uni0308;;
uni04DE;3;1;1;uni0417;uni0308;;
uni04DF;3;1;1;uni0437;uni0308;;
uni04E2;3;1;1;uni0418;uni0304;;
uni04E3;3;1;1;uni0438;uni0304;;
uni04E4;3;1;1;uni0418;uni0308;;
uni04E5;3;1;1;uni0438;uni0308;;
uni04E6;3;1;1;uni041E;uni0308;;
uni04E7;3;1;1;uni043E;uni0308;;
uni04EA;3;1;1;uni04E8;uni0308;;
uni04EB;3;1;1;uni04E9;uni0308;;
uni04EC;3;1;1;uni042D;uni0308;;
uni04ED;3;1;1;uni044D;uni0308;;
uni04EE;3;1;1;uni0423;uni0304;;
uni04EF;3;1;1;uni0443;uni0304;;
uni04F0;3;1;1;uni0423;uni0308;;
uni04F1;3;1;1;uni0443;uni0308;;
uni04F2;3;1;1;uni0423;uni030B;;
uni04F3;3;1;1;uni0443;uni030B;;
uni04F4;3;1;1;uni0427;uni0308;;
uni04F5;3;1;1;uni0447;uni0308;;
uni04F8;3;1;1;uni042B;uni0308;;
uni04F9;3;1;1;uni044B;uni0308;;
uni1E00;3;1;1;A;uni0325;;
uni1E01;3;1;1;a;uni0325;;
uni1E02;3;1;1;B;uni0307;;
uni1E03;3;1;1;b;uni0307;;
uni1E04;3;1;1;B;dotbelowcomb;;
uni1E05;3;1;1;b;dotbelowcomb;;
uni1E06;3;1;1;B;uni0331;;
uni1E07;3;1;1;b;uni0331;;
uni1E08;3;1;1;C;uni0327;acutecomb;
uni1E09;3;1;1;c;uni0327;acutecomb;
uni1E0A;3;1;1;D;uni0307;;
uni1E0B;3;1;1;d;uni0307;;
uni1E0C;3;1;1;D;dotbelowcomb;;
uni1E0D;3;1;1;d;dotbelowcomb;;
uni1E0E;3;1;1;D;uni0331;;
uni1E0F;3;1;1;d;uni0331;;
uni1E10;3;1;1;D;uni0327;;
uni1E11;3;1;1;d;uni0327;;
uni1E12;3;1;1;D;uni032D;;
uni1E13;3;1;1;d;uni032D;;
uni1E14;3;1;1;E;uni0304.case;gravecomb.case;
uni1E15;3;1;1;e;uni0304;gravecomb;
uni1E16;3;1;1;E;uni0304.case;acutecomb.case;
uni1E17;3;1;1;e;uni0304;acutecomb;
uni1E18;3;1;1;E;uni032D;;
uni1E19;3;1;1;e;uni032D;;
uni1E1A;3;1;1;E;uni0330;;
uni1E1B;3;1;1;e;uni0330;;
uni1E1C;3;1;1;E;uni0327;uni0306;
uni1E1D;3;1;1;e;uni0327;uni0306;
uni1E1E;3;1;1;F;uni0307;;
uni1E1F;3;1;1;f;uni0307;;
uni1E20;3;1;1;G;uni0304;;
uni1E21;3;1;1;g;uni0304;;
uni1E22;3;1;1;H;uni0307;;
uni1E23;3;1;1;h;uni0307;;
uni1E24;3;1;1;H;dotbelowcomb;;
uni1E25;3;1;1;h;dotbelowcomb;;
uni1E26;3;1;1;H;uni0308;;
uni1E27;3;1;1;h;uni0308;;
uni1E28;3;1;1;H;uni0327;;
uni1E29;3;1;1;h;uni0327;;
uni1E2A;3;1;1;H;uni032E;;
uni1E2B;3;1;1;h;uni032E;;
uni1E2C;3;1;1;I;uni0330;;
uni1E2D;3;1;1;dotlessi;uni0330;;
uni1E2E;3;1;1;I;uni0308_acutecomb;;
uni1E2F;3;1;1;dotlessi;uni0308_acutecomb;;
uni1E30;3;1;1;K;acutecomb;;
uni1E31;3;1;1;k;acutecomb;;
uni1E32;3;1;1;K;dotbelowcomb;;
uni1E33;3;1;1;k;dotbelowcomb;;
uni1E34;3;1;1;K;uni0331;;
uni1E35;3;1;1;k;uni0331;;
uni1E36;3;1;1;L;dotbelowcomb;;
uni1E37;3;1;1;l;dotbelowcomb;;
uni1E38;3;1;1;L;dotbelowcomb;uni0304;
uni1E39;3;1;1;l;dotbelowcomb;uni0304;
uni1E3A;3;1;1;L;uni0331;;
uni1E3B;3;1;1;l;uni0331;;
uni1E3C;3;1;1;L;uni032D;;
uni1E3D;3;1;1;l;uni032D;;
uni1E3E;3;1;1;M;acutecomb;;
uni1E3F;3;1;1;m;acutecomb;;
uni1E40;3;1;1;M;uni0307;;
uni1E41;3;1;1;m;uni0307;;
uni1E42;3;1;1;M;dotbelowcomb;;
uni1E43;3;1;1;m;dotbelowcomb;;
uni1E44;3;1;1;N;uni0307;;
uni1E45;3;1;1;n;uni0307;;
uni1E46;3;1;1;N;dotbelowcomb;;
uni1E47;3;1;1;n;dotbelowcomb;;
uni1E48;3;1;1;N;uni0331;;
uni1E49;3;1;1;n;uni0331;;
uni1E4A;3;1;1;N;uni032D;;
uni1E4B;3;1;1;n;uni032D;;
uni1E4C;3;1;1;O;tildecomb.case;acutecomb.case;
uni1E4D;3;1;1;o;tildecomb.case;acutecomb.case;
uni1E4E;3;1;1;O;tildecomb_uni0308.case;;
uni1E4F;3;1;1;o;tildecomb;uni0308;
uni1E50;3;1;1;O;uni0304.case;gravecomb.case;
uni1E51;3;1;1;o;uni0304;gravecomb;
uni1E52;3;1;1;O;uni0304.case;acutecomb.case;
uni1E53;3;1;1;o;uni0304;acutecomb;
uni1E54;3;1;1;P;acutecomb;;
uni1E55;3;1;1;p;acutecomb;;
uni1E56;3;1;1;P;uni0307;;
uni1E57;3;1;1;p;uni0307;;
uni1E58;3;1;1;R;uni0307;;
uni1E59;3;1;1;r;uni0307;;
uni1E5A;3;1;1;R;dotbelowcomb;;
uni1E5B;3;1;1;r;dotbelowcomb;;
uni1E5C;3;1;1;R;dotbelowcomb;uni0304;
uni1E5D;3;1;1;r;dotbelowcomb;uni0304;
uni1E5E;3;1;1;R;uni0331;;
uni1E5F;3;1;1;r;uni0331;;
uni1E60;3;1;1;S;uni0307;;
uni1E61;3;1;1;s;uni0307;;
uni1E62;3;1;1;S;dotbelowcomb;;
uni1E63;3;1;1;s;dotbelowcomb;;
uni1E64;3;1;1;S;acutecomb_uni0307;;
uni1E65;3;1;1;s;acutecomb_uni0307;;
uni1E66;3;1;1;S;uni030C_uni0307.case;;
uni1E67;3;1;1;s;uni030C;uni0307;
uni1E68;3;1;1;S;dotbelowcomb;uni0307;
uni1E69;3;1;1;s;dotbelowcomb;uni0307;
uni1E6A;3;1;1;T;uni0307;;
uni1E6B;3;1;1;t;uni0307;;
uni1E6C;3;1;1;T;dotbelowcomb;;
uni1E6D;3;1;1;t;dotbelowcomb;;
uni1E6E;3;1;1;T;uni0331;;
uni1E6F;3;1;1;t;uni0331;;
uni1E70;3;1;1;T;uni032D;;
uni1E71;3;1;1;t;uni032D;;
uni1E72;3;1;1;U;uni0324;;
uni1E73;3;1;1;u;uni0324;;
uni1E74;3;1;1;U;uni0330;;
uni1E75;3;1;1;u;uni0330;;
uni1E76;3;1;1;U;uni032D;;
uni1E77;3;1;1;u;uni032D;;
uni1E78;3;1;1;U;tildecomb.case;acutecomb.case;
uni1E79;3;1;1;u;tildecomb;acutecomb;
uni1E7A;3;1;1;U;uni0304.case;uni0308.case;
uni1E7B;3;1;1;u;uni0304;uni0308;
uni1E7C;3;1;1;V;tildecomb;;
uni1E7D;3;1;1;v;tildecomb;;
uni1E7E;3;1;1;V;dotbelowcomb;;
uni1E7F;3;1;1;v;dotbelowcomb;;
Wgrave;3;1;1;W;gravecomb;;
wgrave;3;1;1;w;gravecomb;;
Wacute;3;1;1;W;acutecomb;;
wacute;3;1;1;w;acutecomb;;
Wdieresis;3;1;1;W;uni0308;;
wdieresis;3;1;1;w;uni0308;;
uni1E86;3;1;1;W;uni0307;;
uni1E87;3;1;1;w;uni0307;;
uni1E88;3;1;1;W;dotbelowcomb;;
uni1E89;3;1;1;w;dotbelowcomb;;
uni1E8A;3;1;1;X;uni0307;;
uni1E8B;3;1;1;x;uni0307;;
uni1E8C;3;1;1;X;uni0308;;
uni1E8D;3;1;1;x;uni0308;;
uni1E8E;3;1;1;Y;uni0307;;
uni1E8F;3;1;1;y;uni0307;;
uni1E90;3;1;1;Z;uni0302;;
uni1E91;3;1;1;z;uni0302;;
uni1E92;3;1;1;Z;dotbelowcomb;;
uni1E93;3;1;1;z;dotbelowcomb;;
uni1E94;3;1;1;Z;uni0331;;
uni1E95;3;1;1;z;uni0331;;
uni1E96;3;1;1;h;uni0331;;
uni1E97;3;1;1;t;uni0308;;
uni1E98;3;1;1;w;uni030A;;
uni1E99;3;1;1;y;uni030A;;
uni1E9B;3;1;1;longs;uni0307;;
uni1EA0;3;1;1;A;dotbelowcomb;;
uni1EA1;3;1;1;a;dotbelowcomb;;
uni1EA2;3;1;1;A;hookabovecomb;;
uni1EA3;3;1;1;a;hookabovecomb;;
uni1EA4;3;1;1;A;uni0302_acutecomb;;
uni1EA5;3;1;1;a;uni0302_acutecomb;;
uni1EA6;3;1;1;A;uni0302_gravecomb;;
uni1EA7;3;1;1;a;uni0302_gravecomb;;
uni1EA8;3;1;1;A;uni0302_hookabovecomb;;
uni1EA9;3;1;1;a;uni0302_hookabovecomb;;
uni1EAA;3;1;1;A;uni0302.case;tildecomb.case;
uni1EAB;3;1;1;a;uni0302;tildecomb;
uni1EAC;3;1;1;A;dotbelowcomb;uni0302;
uni1EAD;3;1;1;a;dotbelowcomb;uni0302;
uni1EAE;3;1;1;A;uni0306_acutecomb.case;;
uni1EAF;3;1;1;a;uni0306_acutecomb;;
uni1EB0;3;1;1;A;uni0306_gravecomb.case;;
uni1EB1;3;1;1;a;uni0306_gravecomb;;
uni1EB2;3;1;1;A;uni0306_hookabovecomb.case;;
uni1EB3;3;1;1;a;uni0306_hookabovecomb;;
uni1EB4;3;1;1;A;uni0306;tildecomb;
uni1EB5;3;1;1;a;uni0306;tildecomb;
uni1EB6;3;1;1;A;dotbelowcomb;uni0306;
uni1EB7;3;1;1;a;dotbelowcomb;uni0306;
uni1EB8;3;1;1;E;dotbelowcomb;;
uni1EB9;3;1;1;e;dotbelowcomb;;
uni1EBA;3;1;1;E;hookabovecomb;;
uni1EBB;3;1;1;e;hookabovecomb;;
uni1EBC;3;1;1;E;tildecomb;;
uni1EBD;3;1;1;e;tildecomb;;
uni1EBE;3;1;1;E;uni0302_acutecomb;;
uni1EBF;3;1;1;e;uni0302_acutecomb;;
uni1EC0;3;1;1;E;uni0302_gravecomb;;
uni1EC1;3;1;1;e;uni0302_gravecomb;;
uni1EC2;3;1;1;E;uni0302_hookabovecomb;;
uni1EC3;3;1;1;e;uni0302_hookabovecomb;;
uni1EC4;3;1;1;E;uni0302.case;tildecomb.case;
uni1EC5;3;1;1;e;uni0302;tildecomb;
uni1EC6;3;1;1;E;dotbelowcomb;uni0302;
uni1EC7;3;1;1;e;dotbelowcomb;uni0302;
uni1EC8;3;1;1;I;hookabovecomb;;
uni1EC9;3;1;1;dotlessi;hookabovecomb;;
uni1ECA;3;1;1;I;dotbelowcomb;;
uni1ECB;3;1;1;dotlessi;dotbelowcomb;uni0307;
uni1ECC;3;1;1;O;dotbelowcomb;;
uni1ECD;3;1;1;o;dotbelowcomb;;
uni1ECE;3;1;1;O;hookabovecomb;;
uni1ECF;3;1;1;o;hookabovecomb;;
uni1ED0;3;1;1;O;uni0302_acutecomb;;
uni1ED1;3;1;1;o;uni0302_acutecomb;;
uni1ED2;3;1;1;O;uni0302_gravecomb;;
uni1ED3;3;1;1;o;uni0302_gravecomb;;
uni1ED4;3;1;1;O;uni0302_hookabovecomb;;
uni1ED5;3;1;1;o;uni0302_hookabovecomb;;
uni1ED6;3;1;1;O;uni0302.case;tildecomb.case;
uni1ED7;3;1;1;o;uni0302;tildecomb;
uni1ED8;3;1;1;O;dotbelowcomb;uni0302;
uni1ED9;3;1;1;o;dotbelowcomb;uni0302;
uni1EDA;3;1;1;O;uni031B;acutecomb;
uni1EDB;3;1;1;o;uni031B;acutecomb;
uni1EDC;3;1;1;O;uni031B;gravecomb;
uni1EDD;3;1;1;o;uni031B;gravecomb;
uni1EDE;3;1;1;O;uni031B;hookabovecomb;
uni1EDF;3;1;1;o;uni031B;hookabovecomb;
uni1EE0;3;1;1;O;uni031B;tildecomb;
uni1EE1;3;1;1;o;uni031B;tildecomb;
uni1EE2;3;1;1;O;dotbelowcomb;uni031B;
uni1EE3;3;1;1;o;dotbelowcomb;uni031B;
uni1EE4;3;1;1;U;dotbelowcomb;;
uni1EE5;3;1;1;u;dotbelowcomb;;
uni1EE6;3;1;1;U;hookabovecomb;;
uni1EE7;3;1;1;u;hookabovecomb;;
uni1EE8;3;1;1;U;uni031B;acutecomb;
uni1EE9;3;1;1;u;uni031B;acutecomb;
uni1EEA;3;1;1;U;uni031B;gravecomb;
uni1EEB;3;1;1;u;uni031B;gravecomb;
uni1EEC;3;1;1;U;uni031B;hookabovecomb;
uni1EED;3;1;1;u;uni031B;hookabovecomb;
uni1EEE;3;1;1;U;uni031B;tildecomb;
uni1EEF;3;1;1;u;uni031B;tildecomb;
uni1EF0;3;1;1;U;dotbelowcomb;uni031B;
uni1EF1;3;1;1;u;dotbelowcomb;uni031B;
Ygrave;3;1;1;Y;gravecomb;;
ygrave;3;1;1;y;gravecomb;;
uni1EF4;3;1;1;Y;dotbelowcomb;;
uni1EF6;3;1;1;Y;hookabovecomb;;
uni1EF7;3;1;1;y;hookabovecomb;;
uni1EF8;3;1;1;Y;tildecomb;;
uni1EF9;3;1;1;y;tildecomb;;
uni1F00;3;1;1;alpha;uni1FBF;;
uni1F01;3;1;1;alpha;uni1FFE;;
uni1F02;3;1;1;alpha;uni1FCD;;
uni1F03;3;1;1;alpha;uni1FDD;;
uni1F04;3;1;1;alpha;uni1FCE;;
uni1F05;3;1;1;alpha;uni1FDE;;
uni1F06;3;1;1;alpha;uni1FCE;;
uni1F07;3;1;1;alpha;uni1FDF;;
uni1F08;3;0;0;Alpha;uni1FBF;;
uni1F09;3;0;0;Alpha;uni1FFE;;
uni1F0A;3;0;0;Alpha;uni1FCD;;
uni1F0B;3;0;0;Alpha;uni1FDD;;
uni1F0C;3;0;0;Alpha;uni1FCE;;
uni1F0D;3;0;0;Alpha;uni1FDE;;
uni1F0E;3;0;0;Alpha;uni1FCE;;
uni1F0F;3;0;0;Alpha;uni1FDF;;
uni1F10;3;1;1;epsilon;uni1FBF;;
uni1F11;3;1;1;epsilon;uni1FFE;;
uni1F12;3;1;1;epsilon;uni1FCD;;
uni1F13;3;1;1;epsilon;uni1FDD;;
uni1F14;3;1;1;epsilon;uni1FCE;;
uni1F15;3;1;1;epsilon;uni1FDE;;
uni1F18;3;0;0;Epsilon;uni1FBF;;
uni1F19;3;0;0;Epsilon;uni1FFE;;
uni1F1A;3;0;0;Epsilon;uni1FCD;;
uni1F1B;3;0;0;Epsilon;uni1FDD;;
uni1F1C;3;0;0;Epsilon;uni1FCE;;
uni1F1D;3;0;0;Epsilon;uni1FDE;;
uni1F20;3;1;1;eta;uni1FBF;;
uni1F21;3;1;1;eta;uni1FFE;;
uni1F22;3;1;1;eta;uni1FCD;;
uni1F23;3;1;1;eta;uni1FDD;;
uni1F24;3;1;1;eta;uni1FCE;;
uni1F25;3;1;1;eta;uni1FDE;;
uni1F26;3;1;1;eta;uni1FCE;;
uni1F27;3;1;1;eta;uni1FDF;;
uni1F28;3;0;0;Eta;uni1FBF;;
uni1F29;3;0;0;Eta;uni1FFE;;
uni1F2A;3;0;0;Eta;uni1FCD;;
uni1F2B;3;0;0;Eta;uni1FDD;;
uni1F2C;3;0;0;Eta;uni1FCE;;
uni1F2D;3;0;0;Eta;uni1FDE;;
uni1F2E;3;0;0;Eta;uni1FCE;;
uni1F2F;3;0;0;Eta;uni1FDF;;
uni1F30;3;1;1;iota;uni1FBF;;
uni1F31;3;1;1;iota;uni1FFE;;
uni1F32;3;1;1;iota;uni1FCD;;
uni1F33;3;1;1;iota;uni1FDD;;
uni1F34;3;1;1;iota;uni1FCE;;
uni1F35;3;1;1;iota;uni1FDE;;
uni1F36;3;1;1;iota;uni1FCE;;
uni1F37;3;1;1;iota;uni1FDF;;
uni1F38;3;0;0;Iota;uni1FBF;;
uni1F39;3;0;0;Iota;uni1FFE;;
uni1F3A;3;0;0;Iota;uni1FCD;;
uni1F3B;3;0;0;Iota;uni1FDD;;
uni1F3C;3;0;0;Iota;uni1FCE;;
uni1F3D;3;0;0;Iota;uni1FDE;;
uni1F3E;3;0;0;Iota;uni1FCE;;
uni1F3F;3;0;0;Iota;uni1FDF;;
uni1F40;3;1;1;omicron;uni1FBF;;
uni1F41;3;1;1;omicron;uni1FFE;;
uni1F42;3;1;1;omicron;uni1FCD;;
uni1F43;3;1;1;omicron;uni1FDD;;
uni1F44;3;1;1;omicron;uni1FCE;;
uni1F45;3;1;1;omicron;uni1FDE;;
uni1F48;3;0;0;Omicron;uni1FBF;;
uni1F49;3;0;0;Omicron;uni1FFE;;
uni1F4A;3;0;0;Omicron;uni1FCD;;
uni1F4B;3;0;0;Omicron;uni1FDD;;
uni1F4C;3;0;0;Omicron;uni1FCE;;
uni1F4D;3;0;0;Omicron;uni1FDE;;
uni1F50;3;1;1;upsilon;uni1FBF;;
uni1F51;3;1;1;upsilon;uni1FFE;;
uni1F52;3;1;1;upsilon;uni1FCD;;
uni1F53;3;1;1;upsilon;uni1FDD;;
uni1F54;3;1;1;upsilon;uni1FCE;;
uni1F55;3;1;1;upsilon;uni1FDE;;
uni1F56;3;1;1;upsilon;uni1FCE;;
uni1F57;3;1;1;upsilon;uni1FDF;;
uni1F59;3;0;0;Upsilon;uni1FFE;;
uni1F5B;3;0;0;Upsilon;uni1FFD;;
uni1F5D;3;0;0;Upsilon;uni1FDE;;
uni1F5F;3;0;0;Upsilon;uni1FDF;;
uni1F60;3;1;1;omega;uni1FBF;;
uni1F61;3;1;1;omega;uni1FFE;;
uni1F62;3;1;1;omega;uni1FCD;;
uni1F63;3;1;1;omega;uni1FDD;;
uni1F64;3;1;1;omega;uni1FCE;;
uni1F65;3;1;1;omega;uni1FDE;;
uni1F66;3;1;1;omega;uni1FCE;;
uni1F67;3;1;1;omega;uni1FDF;;
uni1F68;3;0;0;uni03A9;uni1FBF;;
uni1F69;3;0;0;uni03A9;uni1FFE;;
uni1F6A;3;0;0;uni03A9;uni1FCD;;
uni1F6B;3;0;0;uni03A9;uni1FDD;;
uni1F6C;3;0;0;uni03A9;uni1FCE;;
uni1F6D;3;0;0;uni03A9;uni1FDE;;
uni1F6E;3;0;0;uni03A9;uni1FCE;;
uni1F6F;3;0;0;uni03A9;uni1FDF;;
uni1F70;3;1;1;alpha;uni1FEF;;
uni1F71;3;1;1;alpha;uni1FFD;;
uni1F72;3;1;1;epsilon;uni1FEF;;
uni1F73;3;1;1;epsilon;uni1FFD;;
uni1F74;3;1;1;eta;uni1FEF;;
uni1F75;3;1;1;eta;uni1FFD;;
uni1F76;3;1;1;iota;uni1FEF;;
uni1F77;3;1;1;iota;uni1FFD;;
uni1F78;3;1;1;omicron;uni1FEF;;
uni1F79;3;1;1;omicron;uni1FFD;;
uni1F7A;3;1;1;upsilon;uni1FEF;;
uni1F7B;3;1;1;upsilon;uni1FFD;;
uni1F7C;3;1;1;omega;uni1FEF;;
uni1F7D;3;1;1;omega;uni1FFD;;
uni1F80;3;1;1;alpha;uni1FBE;uni1FBF;
uni1F81;3;1;1;alpha;uni1FBE;uni1FFE;
uni1F82;3;1;1;alpha;uni1FBE;uni1FCD;
uni1F83;3;1;1;alpha;uni1FBE;uni1FDD;
uni1F84;3;1;1;alpha;uni1FBE;uni1FCE;
uni1F85;3;1;1;alpha;uni1FBE;uni1FDE;
uni1F86;3;1;1;alpha;uni1FBE;uni1FCE;
uni1F87;3;1;1;alpha;uni1FBE;uni1FDF;
uni1F88;3;0;0;Alpha;uni1FBE;uni1FBF;
uni1F89;3;0;0;Alpha;uni1FBE;uni1FFE;
uni1F8A;3;0;0;Alpha;uni1FBE;uni1FCD;
uni1F8B;3;0;0;Alpha;uni1FBE;uni1FDD;
uni1F8C;3;0;0;Alpha;uni1FBE;uni1FCE;
uni1F8D;3;0;0;Alpha;uni1FBE;uni1FDE;
uni1F8E;3;0;0;Alpha;uni1FBE;uni1FCE;
uni1F8F;3;0;0;Alpha;uni1FBE;uni1FDF;
uni1F90;3;1;1;eta;uni1FBE;uni1FBF;
uni1F91;3;1;1;eta;uni1FBE;uni1FFE;
uni1F92;3;1;1;eta;uni1FBE;uni1FCD;
uni1F93;3;1;1;eta;uni1FBE;uni1FDD;
uni1F94;3;1;1;eta;uni1FBE;uni1FCE;
uni1F95;3;1;1;eta;uni1FBE;uni1FDE;
uni1F96;3;1;1;eta;uni1FBE;uni1FCE;
uni1F97;3;1;1;eta;uni1FBE;uni1FDF;
uni1F98;3;0;0;Eta;uni1FBE;uni1FBF;
uni1F99;3;0;0;Eta;uni1FBE;uni1FFE;
uni1F9A;3;0;0;Eta;uni1FBE;uni1FCD;
uni1F9B;3;0;0;Eta;uni1FBE;uni1FDD;
uni1F9C;3;0;0;Eta;uni1FBE;uni1FCE;
uni1F9D;3;0;0;Eta;uni1FBE;uni1FDE;
uni1F9E;3;0;0;Eta;uni1FBE;uni1FCE;
uni1F9F;3;0;0;Eta;uni1FBE;uni1FDF;
uni1FA0;3;1;1;omega;uni1FBE;uni1FBF;
uni1FA1;3;1;1;omega;uni1FBE;uni1FFE;
uni1FA2;3;1;1;omega;uni1FBE;uni1FCD;
uni1FA3;3;1;1;omega;uni1FBE;uni1FDD;
uni1FA4;3;1;1;omega;uni1FBE;uni1FCE;
uni1FA5;3;1;1;omega;uni1FBE;uni1FDE;
uni1FA6;3;1;1;omega;uni1FBE;uni1FCE;
uni1FA7;3;1;1;omega;uni1FBE;uni1FDF;
uni1FA8;3;0;0;uni03A9;uni1FBE;uni1FBF;
uni1FA9;3;0;0;uni03A9;uni1FBE;uni1FFE;
uni1FAA;3;0;0;uni03A9;uni1FBE;uni1FCD;
uni1FAB;3;0;0;uni03A9;uni1FBE;uni1FDD;
uni1FAC;3;0;0;uni03A9;uni1FBE;uni1FCE;
uni1FAD;3;0;0;uni03A9;uni1FBE;uni1FDE;
uni1FAE;3;0;0;uni03A9;uni1FBE;uni1FCE;
uni1FAF;3;0;0;uni03A9;uni1FBE;uni1FDF;
uni1FB0;3;1;1;alpha;uni0306;;
uni1FB1;3;1;1;alpha;uni0304;;
uni1FB2;3;1;1;alpha;uni1FBE;uni1FEF;
uni1FB3;3;1;1;alpha;uni1FBE;;
uni1FB4;3;1;1;alpha;uni1FBE;uni1FFD;
uni1FB6;3;1;1;alpha;uni1FC0;;
uni1FB7;3;1;1;alpha;uni1FBE;uni1FC0;
uni1FB8;3;1;1;Alpha;uni0306;;
uni1FB9;3;1;1;Alpha;uni0304;;
uni1FBA;3;0;0;Alpha;uni1FEF;;
uni1FBB;3;0;0;Alpha;uni1FFD;;
uni1FBC;3;1;1;Alpha;uni1FBE;;
uni1FC2;3;1;1;eta;uni1FBE;uni1FEF;
uni1FC3;3;1;1;eta;uni1FBE;;
uni1FC4;3;1;1;eta;uni1FBE;uni1FFD;
uni1FC6;3;1;1;eta;uni1FC0;;
uni1FC7;3;1;1;eta;uni1FBE;uni1FC0;
uni1FC8;3;0;0;Epsilon;uni1FEF;;
uni1FC9;3;0;0;Epsilon;uni1FFD;;
uni1FCA;3;0;0;Eta;uni1FEF;;
uni1FCB;3;0;0;Eta;uni1FFD;;
uni1FCC;3;0;0;Eta;uni1FBE;;
uni1FD0;3;1;1;iota;uni0306;;
uni1FD1;3;1;1;iota;uni0304;;
uni1FD2;3;1;1;iota;uni1FED;;
uni1FD3;3;1;1;iota;uni1FEE;;
uni1FD6;3;1;1;iota;uni1FC0;;
uni1FD7;3;1;1;iota;uni1FC1;;
uni1FD8;3;1;1;Iota;uni0306;;
uni1FD9;3;1;1;Iota;uni0304;;
uni1FDA;3;0;0;Iota;uni1FEF;;
uni1FDB;3;0;0;Iota;uni1FFD;;
uni1FE0;3;1;1;upsilon;uni0306;;
uni1FE1;3;1;1;upsilon;uni0304;;
uni1FE2;3;1;1;upsilon;uni1FED;;
uni1FE3;3;1;1;upsilon;uni1FEE;;
uni1FE4;3;1;1;rho;uni1FBF;;
uni1FE5;3;1;1;rho;uni1FFE;;
uni1FE6;3;1;1;upsilon;uni1FC0;;
uni1FE7;3;1;1;upsilon;uni1FC1;;
uni1FE8;3;1;1;Upsilon;uni0306;;
uni1FE9;3;1;1;Upsilon;uni0304;;
uni1FEA;3;0;0;Upsilon;uni1FEF;;
uni1FEB;3;0;0;Upsilon;uni1FFD;;
uni1FEC;3;0;0;Rho;uni1FFE;;
uni1FF2;3;1;1;omega;uni1FBE;uni1FEF;
uni1FF3;3;1;1;omega;uni1FBE;;
uni1FF4;3;1;1;omega;uni1FBE;uni1FFD;
uni1FF6;3;1;1;omega;uni1FC0;;
uni1FF7;3;1;1;omega;uni1FBE;uni1FC0;
uni1FF8;3;0;0;Omicron;uni1FEF;;
uni1FF9;3;0;0;Omicron;uni1FFD;;
uni1FFA;3;0;0;uni03A9;uni1FEF;;
uni1FFB;3;0;0;uni03A9;uni1FFD;;
uni1FFC;3;0;0;uni03A9;uni1FBE;;
agrave.sc;3;1;1;a.sc;gravecomb;;
aacute.sc;3;1;1;a.sc;acutecomb;;
acircumflex.sc;3;1;1;a.sc;uni0302;;
atilde.sc;3;1;1;a.sc;tildecomb;;
adieresis.sc;3;1;1;a.sc;uni0308;;
aring.sc;3;1;1;a.sc;uni030A;;
ccedilla.sc;3;1;1;c.sc;uni0327;;
egrave.sc;3;1;1;e.sc;gravecomb;;
eacute.sc;3;1;1;e.sc;acutecomb;;
ecircumflex.sc;3;1;1;e.sc;uni0302;;
edieresis.sc;3;1;1;e.sc;uni0308;;
igrave.sc;3;1;1;i.sc;gravecomb;;
iacute.sc;3;1;1;i.sc;acutecomb;;
icircumflex.sc;3;1;1;i.sc;uni0302;;
idieresis.sc;3;1;1;i.sc;uni0308;;
ntilde.sc;3;1;1;n.sc;tildecomb;;
ograve.sc;3;1;1;o.sc;gravecomb;;
oacute.sc;3;1;1;o.sc;acutecomb;;
ocircumflex.sc;3;1;1;o.sc;uni0302;;
otilde.sc;3;1;1;o.sc;tildecomb;;
odieresis.sc;3;1;1;o.sc;uni0308;;
ugrave.sc;3;1;1;u.sc;gravecomb;;
uacute.sc;3;1;1;u.sc;acutecomb;;
ucircumflex.sc;3;1;1;u.sc;uni0302;;
udieresis.sc;3;1;1;u.sc;uni0308;;
yacute.sc;3;1;1;y.sc;acutecomb;;
amacron.sc;3;1;1;a.sc;uni0304;;
abreve.sc;3;1;1;a.sc;uni0306;;
aogonek.sc;3;1;1;a.sc;uni0328;;
cacute.sc;3;1;1;c.sc;acutecomb;;
ccircumflex.sc;3;1;1;c.sc;uni0302;;
cdotaccent.sc;3;1;1;c.sc;uni0307;;
ccaron.sc;3;1;1;c.sc;uni030C;;
dcaron.sc;3;1;1;d.sc;uni030C;;
emacron.sc;3;1;1;e.sc;uni0304;;
ebreve.sc;3;1;1;e.sc;uni0306;;
edotaccent.sc;3;1;1;e.sc;uni0307;;
eogonek.sc;3;1;1;e.sc;uni0328;;
ecaron.sc;3;1;1;e.sc;uni030C;;
gcircumflex.sc;3;1;1;g.sc;uni0302;;
gbreve.sc;3;1;1;g.sc;uni0306;;
gdotaccent.sc;3;1;1;g.sc;uni0307;;
gcommaaccent.sc;3;1;1;g.sc;uni0312;;
hcircumflex.sc;3;1;1;h.sc;uni0302;;
itilde.sc;3;1;1;i.sc;tildecomb;;
imacron.sc;3;1;1;i.sc;uni0304;;
ibreve.sc;3;1;1;i.sc;uni0306;;
iogonek.sc;3;1;1;i.sc;uni0328;;
jcircumflex.sc;3;1;1;j.sc;uni0302;;
kcommaaccent.sc;3;1;1;k.sc;uni0326;;
lacute.sc;3;1;1;l.sc;acutecomb;;
lcommaaccent.sc;3;1;1;l.sc;uni0326;;
nacute.sc;3;1;1;n.sc;acutecomb;;
ncommaaccent.sc;3;1;1;n.sc;uni0326;;
ncaron.sc;3;1;1;n.sc;uni030C;;
omacron.sc;3;1;1;o.sc;uni0304;;
obreve.sc;3;1;1;o.sc;uni0306;;
ohungarumlaut.sc;3;1;1;o.sc;uni030B;;
racute.sc;3;1;1;r.sc;acutecomb;;
rcommaaccent.sc;3;1;1;r.sc;uni0326;;
rcaron.sc;3;1;1;r.sc;uni030C;;
sacute.sc;3;1;1;s.sc;acutecomb;;
scircumflex.sc;3;1;1;s.sc;uni0302;;
scedilla.sc;3;1;1;s.sc;uni0327;;
scaron.sc;3;1;1;s.sc;uni030C;;
uni0163.sc;3;1;1;t.sc;uni0327;;
tcaron.sc;3;1;1;t.sc;uni030C;;
utilde.sc;3;1;1;u.sc;tildecomb;;
umacron.sc;3;1;1;u.sc;uni0304;;
ubreve.sc;3;1;1;u.sc;uni0306;;
uring.sc;3;1;1;u.sc;uni030A;;
uhungarumlaut.sc;3;1;1;u.sc;uni030B;;
uogonek.sc;3;1;1;u.sc;uni0328;;
wcircumflex.sc;3;1;1;w.sc;uni0302;;
ycircumflex.sc;3;1;1;y.sc;uni0302;;
zacute.sc;3;1;1;z.sc;acutecomb;;
zdotaccent.sc;3;1;1;z.sc;uni0307;;
zcaron.sc;3;1;1;z.sc;uni030C;;
ohorn.sc;3;1;1;o.sc;uni031B;;
uhorn.sc;3;1;1;u.sc;uni031B;;
uni01CE.sc;3;1;1;a.sc;uni030C;;
uni01D0.sc;3;1;1;i.sc;uni030C;;
uni01D2.sc;3;1;1;o.sc;uni030C;;
uni01D4.sc;3;1;1;u.sc;uni030C;;
uni01D6.sc;3;1;1;u.sc;uni0308;uni0304;
uni01D8.sc;3;1;1;u.sc;uni0308_acutecomb;;
uni01DA.sc;3;1;1;u.sc;uni0308_uni030C;;
uni01DC.sc;3;1;1;u.sc;uni0308_gravecomb;;
uni01DF.sc;3;1;1;a.sc;uni0308;uni0304;
uni01E1.sc;3;1;1;a.sc;uni0307;uni0304;
uni01E3.sc;3;1;1;ae.sc;uni0304;;
gcaron.sc;3;1;1;g.sc;uni030C;;
uni01E9.sc;3;1;1;k.sc;uni030C;;
uni01EB.sc;3;1;1;o.sc;uni0328;;
uni01ED.sc;3;1;1;o.sc;uni0328;uni0304;
uni01F0.sc;3;1;1;j.sc;uni030C;;
uni01F5.sc;3;1;1;g.sc;acutecomb;;
uni01F9.sc;3;1;1;n.sc;gravecomb;;
aringacute.sc;3;1;1;a.sc;uni030A_acutecomb;;
aeacute.sc;3;1;1;ae.sc;acutecomb;;
oslashacute.sc;3;1;1;oslash.sc;acutecomb;;
uni0201.sc;3;1;1;a.sc;uni030F;;
uni0203.sc;3;1;1;a.sc;uni0311;;
uni0205.sc;3;1;1;e.sc;uni030F;;
uni0207.sc;3;1;1;e.sc;uni0311;;
uni0209.sc;3;1;1;i.sc;uni030F;;
uni020B.sc;3;1;1;i.sc;uni0311;;
uni020D.sc;3;1;1;o.sc;uni030F;;
uni020F.sc;3;1;1;o.sc;uni0311;;
uni0211.sc;3;1;1;r.sc;uni030F;;
uni0213.sc;3;1;1;r.sc;uni0311;;
uni0215.sc;3;1;1;u.sc;uni030F;;
uni0217.sc;3;1;1;u.sc;uni0311;;
scommaaccent.sc;3;1;1;s.sc;uni0326;;
uni021B.sc;3;1;1;t.sc;uni0326;;
uni021F.sc;3;1;1;h.sc;uni030C;;
uni0227.sc;3;1;1;a.sc;uni0307;;
uni0229.sc;3;1;1;e.sc;uni0327;;
uni022B.sc;3;1;1;o.sc;uni0308;uni0304;
uni022D.sc;3;1;1;o.sc;tildecomb;uni0304;
uni022F.sc;3;1;1;o.sc;uni0307;;
uni0231.sc;3;1;1;o.sc;uni0307;uni0304;
uni0233.sc;3;1;1;y.sc;uni0304;;
iotadieresistonos.sc;3;1;1;iota.sc;dieresistonos;;
alphatonos.sc;3;1;1;alpha.sc;tonos;;
epsilontonos.sc;3;1;1;epsilon.sc;tonos;;
etatonos.sc;3;1;1;eta.sc;tonos;;
iotatonos.sc;3;1;1;iota.sc;tonos;;
upsilondieresistonos.sc;3;1;1;upsilon.sc;dieresistonos;;
iotadieresis.sc;3;1;1;iota.sc;uni0308;;
upsilondieresis.sc;3;1;1;upsilon.sc;uni0308;;
omicrontonos.sc;3;1;1;omicron.sc;tonos;;
upsilontonos.sc;3;1;1;upsilon.sc;tonos;;
omegatonos.sc;3;1;1;omega.sc;tonos;;
uni0439.sc;3;1;1;uni0438.sc;uni0306;;
uni0450.sc;3;1;1;uni0435.sc;gravecomb;;
uni0451.sc;3;1;1;uni0435.sc;uni0308;;
uni0453.sc;3;1;1;uni0433.sc;acutecomb;;
uni0457.sc;3;1;1;uni0456.sc;uni0308;;
uni045C.sc;3;1;1;uni043A.sc;acutecomb;;
uni045D.sc;3;1;1;uni0438.sc;gravecomb;;
uni045E.sc;3;1;1;uni0443.sc;uni0306;;
uni0477.sc;3;1;1;uni0475.sc;uni030F;;
uni047D.sc;3;1;1;uniA7B7.sc;uni0486;uni0487;
uni04C2.sc;3;1;1;uni0436.sc;uni0306;;
uni04D1.sc;3;1;1;uni0430.sc;uni0306;;
uni04D3.sc;3;1;1;uni0430.sc;uni0308;;
uni04D7.sc;3;1;1;uni0435.sc;uni0306;;
uni04DB.sc;3;1;1;uni04D9.sc;uni0308;;
uni04DD.sc;3;1;1;uni0436.sc;uni0308;;
uni04DF.sc;3;1;1;uni0437.sc;uni0308;;
uni04E3.sc;3;1;1;uni0438.sc;uni0304;;
uni04E5.sc;3;1;1;uni0438.sc;uni0308;;
uni04E7.sc;3;1;1;uni043E.sc;uni0308;;
uni04EB.sc;3;1;1;uni04E9.sc;uni0308;;
uni04ED.sc;3;1;1;uni044D.sc;uni0308;;
uni04EF.sc;3;1;1;uni0443.sc;uni0304;;
uni04F1.sc;3;1;1;uni0443.sc;uni0308;;
uni04F3.sc;3;1;1;uni0443.sc;uni030B;;
uni04F5.sc;3;1;1;uni0447.sc;uni0308;;
uni04F9.sc;3;1;1;uni044B.sc;uni0308;;
uni1E01.sc;3;1;1;a.sc;uni0325;;
uni1E03.sc;3;1;1;b.sc;uni0307;;
uni1E05.sc;3;1;1;b.sc;dotbelowcomb;;
uni1E07.sc;3;1;1;b.sc;uni0331;;
uni1E09.sc;3;1;1;c.sc;uni0327;acutecomb;
uni1E0B.sc;3;1;1;d.sc;uni0307;;
uni1E0D.sc;3;1;1;d.sc;dotbelowcomb;;
uni1E0F.sc;3;1;1;d.sc;uni0331;;
uni1E11.sc;3;1;1;d.sc;uni0327;;
uni1E13.sc;3;1;1;d.sc;uni032D;;
uni1E15.sc;3;1;1;e.sc;uni0304;gravecomb;
uni1E17.sc;3;1;1;e.sc;uni0304;acutecomb;
uni1E19.sc;3;1;1;e.sc;uni032D;;
uni1E1B.sc;3;1;1;e.sc;uni0330;;
uni1E1D.sc;3;1;1;e.sc;uni0327;uni0306;
uni1E1F.sc;3;1;1;f.sc;uni0307;;
uni1E21.sc;3;1;1;g.sc;uni0304;;
uni1E23.sc;3;1;1;h.sc;uni0307;;
uni1E25.sc;3;1;1;h.sc;dotbelowcomb;;
uni1E27.sc;3;1;1;h.sc;uni0308;;
uni1E29.sc;3;1;1;h.sc;uni0327;;
uni1E2B.sc;3;1;1;h.sc;uni032E;;
uni1E2D.sc;3;1;1;i.sc;uni0330;;
uni1E2F.sc;3;1;1;i.sc;uni0308_acutecomb;;
uni1E31.sc;3;1;1;k.sc;acutecomb;;
uni1E33.sc;3;1;1;k.sc;dotbelowcomb;;
uni1E35.sc;3;1;1;k.sc;uni0331;;
uni1E37.sc;3;1;1;l.sc;dotbelowcomb;;
uni1E39.sc;3;1;1;l.sc;dotbelowcomb;uni0304;
uni1E3B.sc;3;1;1;l.sc;uni0331;;
uni1E3D.sc;3;1;1;l.sc;uni032D;;
uni1E3F.sc;3;1;1;m.sc;acutecomb;;
uni1E41.sc;3;1;1;m.sc;uni0307;;
uni1E43.sc;3;1;1;m.sc;dotbelowcomb;;
uni1E45.sc;3;1;1;n.sc;uni0307;;
uni1E47.sc;3;1;1;n.sc;dotbelowcomb;;
uni1E49.sc;3;1;1;n.sc;uni0331;;
uni1E4B.sc;3;1;1;n.sc;uni032D;;
uni1E4D.sc;3;1;1;o.sc;tildecomb;acutecomb;
uni1E4F.sc;3;1;1;o.sc;tildecomb;uni0308;
uni1E51.sc;3;1;1;o.sc;uni0304;gravecomb;
uni1E53.sc;3;1;1;o.sc;uni0304;acutecomb;
uni1E55.sc;3;1;1;p.sc;acutecomb;;
uni1E57.sc;3;1;1;p.sc;uni0307;;
uni1E59.sc;3;1;1;r.sc;uni0307;;
uni1E5B.sc;3;1;1;r.sc;dotbelowcomb;;
uni1E5D.sc;3;1;1;r.sc;dotbelowcomb;uni0304;
uni1E5F.sc;3;1;1;r.sc;uni0331;;
uni1E61.sc;3;1;1;s.sc;uni0307;;
uni1E63.sc;3;1;1;s.sc;dotbelowcomb;;
uni1E65.sc;3;1;1;s.sc;acutecomb_uni0307;;
uni1E67.sc;3;1;1;s.sc;uni030C;uni0307;
uni1E69.sc;3;1;1;s.sc;dotbelowcomb;uni0307;
uni1E6B.sc;3;1;1;t.sc;uni0307;;
uni1E6D.sc;3;1;1;t.sc;dotbelowcomb;;
uni1E6F.sc;3;1;1;t.sc;uni0331;;
uni1E71.sc;3;1;1;t.sc;uni032D;;
uni1E73.sc;3;1;1;u.sc;uni0324;;
uni1E75.sc;3;1;1;u.sc;uni0330;;
uni1E77.sc;3;1;1;u.sc;uni032D;;
uni1E79.sc;3;1;1;u.sc;tildecomb;acutecomb;
uni1E7B.sc;3;1;1;u.sc;uni0304;uni0308;
uni1E7D.sc;3;1;1;v.sc;tildecomb;;
uni1E7F.sc;3;1;1;v.sc;dotbelowcomb;;
wgrave.sc;3;1;1;w.sc;gravecomb;;
wacute.sc;3;1;1;w.sc;acutecomb;;
wdieresis.sc;3;1;1;w.sc;uni0308;;
uni1E87.sc;3;1;1;w.sc;uni0307;;
uni1E89.sc;3;1;1;w.sc;dotbelowcomb;;
uni1E8B.sc;3;1;1;x.sc;uni0307;;
uni1E8D.sc;3;1;1;x.sc;uni0308;;
uni1E8F.sc;3;1;1;y.sc;uni0307;;
uni1E91.sc;3;1;1;z.sc;uni0302;;
uni1E93.sc;3;1;1;z.sc;dotbelowcomb;;
uni1E95.sc;3;1;1;z.sc;uni0331;;
uni1E96.sc;3;1;1;h.sc;uni0331;;
uni1E97.sc;3;1;1;t.sc;uni0308;;
uni1E98.sc;3;1;1;w.sc;uni030A;;
uni1E99.sc;3;1;1;y.sc;uni030A;;
uni1EA1.sc;3;1;1;a.sc;dotbelowcomb;;
uni1EA3.sc;3;1;1;a.sc;hookabovecomb;;
uni1EA5.sc;3;1;1;a.sc;uni0302_acutecomb;;
uni1EA7.sc;3;1;1;a.sc;uni0302_gravecomb;;
uni1EA9.sc;3;1;1;a.sc;uni0302_hookabovecomb;;
uni1EAB.sc;3;1;1;a.sc;uni0302;tildecomb;
uni1EAD.sc;3;1;1;a.sc;dotbelowcomb;uni0302;
uni1EAF.sc;3;1;1;a.sc;uni0306_acutecomb;;
uni1EB1.sc;3;1;1;a.sc;uni0306_gravecomb;;
uni1EB3.sc;3;1;1;a.sc;uni0306_hookabovecomb;;
uni1EB5.sc;3;1;1;a.sc;uni0306;tildecomb;
uni1EB7.sc;3;1;1;a.sc;dotbelowcomb;uni0306;
uni1EB9.sc;3;1;1;e.sc;dotbelowcomb;;
uni1EBB.sc;3;1;1;e.sc;hookabovecomb;;
uni1EBD.sc;3;1;1;e.sc;tildecomb;;
uni1EBF.sc;3;1;1;e.sc;uni0302_acutecomb;;
uni1EC1.sc;3;1;1;e.sc;uni0302_gravecomb;;
uni1EC3.sc;3;1;1;e.sc;uni0302_hookabovecomb;;
uni1EC5.sc;3;1;1;e.sc;uni0302;tildecomb;
uni1EC7.sc;3;1;1;e.sc;dotbelowcomb;uni0302;
uni1EC9.sc;3;1;1;i.sc;hookabovecomb;;
uni1ECB.sc;3;1;1;i.sc;dotbelowcomb;uni0307;
uni1ECD.sc;3;1;1;o.sc;dotbelowcomb;;
uni1ECF.sc;3;1;1;o.sc;hookabovecomb;;
uni1ED1.sc;3;1;1;o.sc;uni0302_acutecomb;;
uni1ED3.sc;3;1;1;o.sc;uni0302_gravecomb;;
uni1ED5.sc;3;1;1;o.sc;uni0302_hookabovecomb;;
uni1ED7.sc;3;1;1;o.sc;uni0302;tildecomb;
uni1ED9.sc;3;1;1;o.sc;dotbelowcomb;uni0302;
uni1EDB.sc;3;1;1;o.sc;uni031B;acutecomb;
uni1EDD.sc;3;1;1;o.sc;uni031B;gravecomb;
uni1EDF.sc;3;1;1;o.sc;uni031B;hookabovecomb;
uni1EE1.sc;3;1;1;o.sc;uni031B;tildecomb;
uni1EE3.sc;3;1;1;o.sc;dotbelowcomb;uni031B;
uni1EE5.sc;3;1;1;u.sc;dotbelowcomb;;
uni1EE7.sc;3;1;1;u.sc;hookabovecomb;;
uni1EE9.sc;3;1;1;u.sc;uni031B;acutecomb;
uni1EEB.sc;3;1;1;u.sc;uni031B;gravecomb;
uni1EED.sc;3;1;1;u.sc;uni031B;hookabovecomb;
uni1EEF.sc;3;1;1;u.sc;uni031B;tildecomb;
uni1EF1.sc;3;1;1;u.sc;dotbelowcomb;uni031B;
ygrave.sc;3;1;1;y.sc;gravecomb;;
uni1EF7.sc;3;1;1;y.sc;hookabovecomb;;
uni1EF9.sc;3;1;1;y.sc;tildecomb;;
uni1F00.sc;3;1;1;alpha.sc;uni1FBF;;
uni1F01.sc;3;1;1;alpha.sc;uni1FFE;;
uni1F02.sc;3;1;1;alpha.sc;uni1FCD;;
uni1F03.sc;3;1;1;alpha.sc;uni1FDD;;
uni1F04.sc;3;1;1;alpha.sc;uni1FCE;;
uni1F05.sc;3;1;1;alpha.sc;uni1FDE;;
uni1F06.sc;3;1;1;alpha.sc;uni1FCE;;
uni1F07.sc;3;1;1;alpha.sc;uni1FDF;;
uni1F10.sc;3;1;1;epsilon.sc;uni1FBF;;
uni1F11.sc;3;1;1;epsilon.sc;uni1FFE;;
uni1F12.sc;3;1;1;epsilon.sc;uni1FCD;;
uni1F13.sc;3;1;1;epsilon.sc;uni1FDD;;
uni1F14.sc;3;1;1;epsilon.sc;uni1FCE;;
uni1F15.sc;3;1;1;epsilon.sc;uni1FDE;;
uni1F20.sc;3;1;1;eta.sc;uni1FBF;;
uni1F21.sc;3;1;1;eta.sc;uni1FFE;;
uni1F22.sc;3;1;1;eta.sc;uni1FCD;;
uni1F23.sc;3;1;1;eta.sc;uni1FDD;;
uni1F24.sc;3;1;1;eta.sc;uni1FCE;;
uni1F25.sc;3;1;1;eta.sc;uni1FDE;;
uni1F26.sc;3;1;1;eta.sc;uni1FCE;;
uni1F27.sc;3;1;1;eta.sc;uni1FDF;;
uni1F30.sc;3;1;1;iota.sc;uni1FBF;;
uni1F31.sc;3;1;1;iota.sc;uni1FFE;;
uni1F32.sc;3;1;1;iota.sc;uni1FCD;;
uni1F33.sc;3;1;1;iota.sc;uni1FDD;;
uni1F34.sc;3;1;1;iota.sc;uni1FCE;;
uni1F35.sc;3;1;1;iota.sc;uni1FDE;;
uni1F36.sc;3;1;1;iota.sc;uni1FCE;;
uni1F37.sc;3;1;1;iota.sc;uni1FDF;;
uni1F40.sc;3;1;1;omicron.sc;uni1FBF;;
uni1F41.sc;3;1;1;omicron.sc;uni1FFE;;
uni1F42.sc;3;1;1;omicron.sc;uni1FCD;;
uni1F43.sc;3;1;1;omicron.sc;uni1FDD;;
uni1F44.sc;3;1;1;omicron.sc;uni1FCE;;
uni1F45.sc;3;1;1;omicron.sc;uni1FDE;;
uni1F50.sc;3;1;1;upsilon.sc;uni1FBF;;
uni1F51.sc;3;1;1;upsilon.sc;uni1FFE;;
uni1F52.sc;3;1;1;upsilon.sc;uni1FCD;;
uni1F53.sc;3;1;1;upsilon.sc;uni1FDD;;
uni1F54.sc;3;1;1;upsilon.sc;uni1FCE;;
uni1F55.sc;3;1;1;upsilon.sc;uni1FDE;;
uni1F56.sc;3;1;1;upsilon.sc;uni1FCE;;
uni1F57.sc;3;1;1;upsilon.sc;uni1FDF;;
uni1F60.sc;3;1;1;omega.sc;uni1FBF;;
uni1F61.sc;3;1;1;omega.sc;uni1FFE;;
uni1F62.sc;3;1;1;omega.sc;uni1FCD;;
uni1F63.sc;3;1;1;omega.sc;uni1FDD;;
uni1F64.sc;3;1;1;omega.sc;uni1FCE;;
uni1F65.sc;3;1;1;omega.sc;uni1FDE;;
uni1F66.sc;3;1;1;omega.sc;uni1FCE;;
uni1F67.sc;3;1;1;omega.sc;uni1FDF;;
uni1F70.sc;3;1;1;alpha.sc;uni1FEF;;
uni1F71.sc;3;1;1;alpha.sc;uni1FFD;;
uni1F72.sc;3;1;1;epsilon.sc;uni1FEF;;
uni1F73.sc;3;1;1;epsilon.sc;uni1FFD;;
uni1F74.sc;3;1;1;eta.sc;uni1FEF;;
uni1F75.sc;3;1;1;eta.sc;uni1FFD;;
uni1F76.sc;3;1;1;iota.sc;uni1FEF;;
uni1F77.sc;3;1;1;iota.sc;uni1FFD;;
uni1F78.sc;3;1;1;omicron.sc;uni1FEF;;
uni1F79.sc;3;1;1;omicron.sc;uni1FFD;;
uni1F7A.sc;3;1;1;upsilon.sc;uni1FEF;;
uni1F7B.sc;3;1;1;upsilon.sc;uni1FFD;;
uni1F7C.sc;3;1;1;omega.sc;uni1FEF;;
uni1F7D.sc;3;1;1;omega.sc;uni1FFD;;
uni1F80.sc;3;1;1;alpha.sc;uni1FBE;uni1FBF;
uni1F81.sc;3;1;1;alpha.sc;uni1FBE;uni1FFE;
uni1F82.sc;3;1;1;alpha.sc;uni1FBE;uni1FCD;
uni1F83.sc;3;1;1;alpha.sc;uni1FBE;uni1FDD;
uni1F84.sc;3;1;1;alpha.sc;uni1FBE;uni1FCE;
uni1F85.sc;3;1;1;alpha.sc;uni1FBE;uni1FDE;
uni1F86.sc;3;1;1;alpha.sc;uni1FBE;uni1FCE;
uni1F87.sc;3;1;1;alpha.sc;uni1FBE;uni1FDF;
uni1F90.sc;3;1;1;eta.sc;uni1FBE;uni1FBF;
uni1F91.sc;3;1;1;eta.sc;uni1FBE;uni1FFE;
uni1F92.sc;3;1;1;eta.sc;uni1FBE;uni1FCD;
uni1F93.sc;3;1;1;eta.sc;uni1FBE;uni1FDD;
uni1F94.sc;3;1;1;eta.sc;uni1FBE;uni1FCE;
uni1F95.sc;3;1;1;eta.sc;uni1FBE;uni1FDE;
uni1F96.sc;3;1;1;eta.sc;uni1FBE;uni1FCE;
uni1F97.sc;3;1;1;eta.sc;uni1FBE;uni1FDF;
uni1FA0.sc;3;1;1;omega.sc;uni1FBE;uni1FBF;
uni1FA1.sc;3;1;1;omega.sc;uni1FBE;uni1FFE;
uni1FA2.sc;3;1;1;omega.sc;uni1FBE;uni1FCD;
uni1FA3.sc;3;1;1;omega.sc;uni1FBE;uni1FDD;
uni1FA4.sc;3;1;1;omega.sc;uni1FBE;uni1FCE;
uni1FA5.sc;3;1;1;omega.sc;uni1FBE;uni1FDE;
uni1FA6.sc;3;1;1;omega.sc;uni1FBE;uni1FCE;
uni1FA7.sc;3;1;1;omega.sc;uni1FBE;uni1FDF;
uni1FB0.sc;3;1;1;alpha.sc;uni0306;;
uni1FB1.sc;3;1;1;alpha.sc;uni0304;;
uni1FB2.sc;3;1;1;alpha.sc;uni1FBE;uni1FEF;
uni1FB3.sc;3;1;1;alpha.sc;uni1FBE;;
uni1FB4.sc;3;1;1;alpha.sc;uni1FBE;uni1FFD;
uni1FB6.sc;3;1;1;alpha.sc;uni1FC0;;
uni1FB7.sc;3;1;1;alpha.sc;uni1FBE;uni1FC0;
uni1FC2.sc;3;1;1;eta.sc;uni1FBE;uni1FEF;
uni1FC3.sc;3;1;1;eta.sc;uni1FBE;;
uni1FC4.sc;3;1;1;eta.sc;uni1FBE;uni1FFD;
uni1FC6.sc;3;1;1;eta.sc;uni1FC0;;
uni1FC7.sc;3;1;1;eta.sc;uni1FBE;uni1FC0;
uni1FD0.sc;3;1;1;iota.sc;uni0306;;
uni1FD1.sc;3;1;1;iota.sc;uni0304;;
uni1FD2.sc;3;1;1;iota.sc;uni1FED;;
uni1FD3.sc;3;1;1;iota.sc;uni1FEE;;
uni1FD6.sc;3;1;1;iota.sc;uni1FC0;;
uni1FD7.sc;3;1;1;iota.sc;uni1FC1;;
uni1FE0.sc;3;1;1;upsilon.sc;uni0306;;
uni1FE1.sc;3;1;1;upsilon.sc;uni0304;;
uni1FE2.sc;3;1;1;upsilon.sc;uni1FED;;
uni1FE3.sc;3;1;1;upsilon.sc;uni1FEE;;
uni1FE4.sc;3;1;1;rho.sc;uni1FBF;;
uni1FE5.sc;3;1;1;rho.sc;uni1FFE;;
uni1FE6.sc;3;1;1;upsilon.sc;uni1FC0;;
uni1FE7.sc;3;1;1;upsilon.sc;uni1FC1;;
uni1FF2.sc;3;1;1;omega.sc;uni1FBE;uni1FEF;
uni1FF3.sc;3;1;1;omega.sc;uni1FBE;;
uni1FF4.sc;3;1;1;omega.sc;uni1FBE;uni1FFD;
uni1FF6.sc;3;1;1;omega.sc;uni1FC0;;
uni1FF7.sc;3;1;1;omega.sc;uni1FBE;uni1FC0;
Gcircumflex.cv21;3;1;1;G.cv21;uni0302;;
Gbreve.cv21;3;1;1;G.cv21;uni0306;;
Gdotaccent.cv21;3;1;1;G.cv21;uni0307;;
Gcommaaccent.cv21;3;1;1;G.cv21;uni0326;;
Gcaron.cv21;3;1;1;G.cv21;uni030C;;
uni01F4.cv21;3;1;1;G.cv21;acutecomb;;
uni1E20.cv21;3;1;1;G.cv21;uni0304;;
gcircumflex.sc.cv21;3;1;1;g.sc.cv21;uni0302;;
gbreve.sc.cv21;3;1;1;g.sc.cv21;uni0306;;
gdotaccent.sc.cv21;3;1;1;g.sc.cv21;uni0307;;
gcommaaccent.sc.cv21;3;1;1;g.sc.cv21;uni0312;;
gcaron.sc.cv21;3;1;1;g.sc.cv21;uni030C;;
uni01F5.sc.cv21;3;1;1;g.sc.cv21;acutecomb;;
uni1E21.sc.cv21;3;1;1;g.sc.cv21;uni0304;;
Igrave.cv22;3;1;1;I.cv22;gravecomb;;
Iacute.cv22;3;1;1;I.cv22;acutecomb;;
Icircumflex.cv22;3;1;1;I.cv22;uni0302;;
Idieresis.cv22;3;1;1;I.cv22;uni0308;;
Itilde.cv22;3;1;1;I.cv22;tildecomb;;
Imacron.cv22;3;1;1;I.cv22;uni0304;;
Ibreve.cv22;3;1;1;I.cv22;uni0306;;
Iogonek.cv22;3;1;1;I.cv22;uni0328;;
Idotaccent.cv22;3;1;1;I.cv22;uni0307;;
uni01CF.cv22;3;1;1;I.cv22;uni030C;;
uni0208.cv22;3;1;1;I.cv22;uni030F;;
uni020A.cv22;3;1;1;I.cv22;uni0311;;
Iotatonos.cv22;3;0;0;Iota.cv22;tonos;;
Iotadieresis.cv22;3;1;1;Iota.cv22;uni0308;;
uni0407.cv22;3;1;1;uni0406.cv22;uni0308;;
uni1E2C.cv22;3;1;1;I.cv22;uni0330;;
uni1E2E.cv22;3;1;1;I.cv22;uni0308_acutecomb;;
uni1EC8.cv22;3;1;1;I.cv22;hookabovecomb;;
uni1ECA.cv22;3;1;1;I.cv22;dotbelowcomb;;
uni1F38.cv22;3;0;0;Iota.cv22;uni1FBF;;
uni1F39.cv22;3;0;0;Iota.cv22;uni1FFE;;
uni1F3A.cv22;3;0;0;Iota.cv22;uni1FCD;;
uni1F3B.cv22;3;0;0;Iota.cv22;uni1FDD;;
uni1F3C.cv22;3;0;0;Iota.cv22;uni1FCE;;
uni1F3D.cv22;3;0;0;Iota.cv22;uni1FDE;;
uni1F3E.cv22;3;0;0;Iota.cv22;uni1FCF;;
uni1F3F.cv22;3;0;0;Iota.cv22;uni1FDF;;
uni1FD8.cv22;3;1;1;Iota.cv22;uni030C;;
uni1FD9.cv22;3;1;1;Iota.cv22;uni0304;;
uni1FDA.cv22;3;0;0;Iota.cv22;uni1FEF;;
uni1FDB.cv22;3;0;0;Iota.cv22;uni1FFD;;
igrave.sc.cv22;3;1;1;i.sc.cv22;gravecomb;;
iacute.sc.cv22;3;1;1;i.sc.cv22;acutecomb;;
icircumflex.sc.cv22;3;1;1;i.sc.cv22;uni0302;;
idieresis.sc.cv22;3;1;1;i.sc.cv22;uni0308;;
itilde.sc.cv22;3;1;1;i.sc.cv22;tildecomb;;
imacron.sc.cv22;3;1;1;i.sc.cv22;uni0304;;
ibreve.sc.cv22;3;1;1;i.sc.cv22;uni0306;;
iogonek.sc.cv22;3;1;1;i.sc.cv22;uni0328;;
uni01D0.sc.cv22;3;1;1;i.sc.cv22;uni030C;;
uni0209.sc.cv22;3;1;1;i.sc.cv22;uni030F;;
uni020B.sc.cv22;3;1;1;i.sc.cv22;uni0311;;
iotadieresistonos.sc.cv22;3;1;1;iota.sc.cv22;dieresistonos;;
iotatonos.sc.cv22;3;1;1;iota.sc.cv22;tonos;;
iotadieresis.sc.cv22;3;1;1;iota.sc.cv22;uni0308;;
uni0457.sc.cv22;3;1;1;uni0456.sc.cv22;uni0308;;
uni1E2D.sc.cv22;3;1;1;i.sc.cv22;uni0330;;
uni1E2F.sc.cv22;3;1;1;i.sc.cv22;uni0308_acutecomb;;
uni1EC9.sc.cv22;3;1;1;i.sc.cv22;hookabovecomb;;
uni1ECB.sc.cv22;3;1;1;i.sc.cv22;dotbelowcomb;;
uni1F30.sc.cv22;3;1;1;iota.sc.cv22;uni1FBF;;
uni1F31.sc.cv22;3;1;1;iota.sc.cv22;uni1FFE;;
uni1F32.sc.cv22;3;1;1;iota.sc.cv22;uni1FCD;;
uni1F33.sc.cv22;3;1;1;iota.sc.cv22;uni1FDD;;
uni1F34.sc.cv22;3;1;1;iota.sc.cv22;uni1FCE;;
uni1F35.sc.cv22;3;1;1;iota.sc.cv22;uni1FDE;;
uni1F36.sc.cv22;3;1;1;iota.sc.cv22;uni1FCF;;
uni1F37.sc.cv22;3;1;1;iota.sc.cv22;uni1FDF;;
uni1F76.sc.cv22;3;1;1;iota.sc.cv22;uni1FEF;;
uni1F77.sc.cv22;3;1;1;iota.sc.cv22;uni1FFD;;
uni1FD0.sc.cv22;3;1;1;iota.sc.cv22;uni0306;;
uni1FD1.sc.cv22;3;1;1;iota.sc.cv22;uni0304;;
uni1FD2.sc.cv22;3;1;1;iota.sc.cv22;uni1FED;;
uni1FD3.sc.cv22;3;1;1;iota.sc.cv22;uni1FEE;;
uni1FD6.sc.cv22;3;1;1;iota.sc.cv22;uni1FC0;;
uni1FD7.sc.cv22;3;1;1;iota.sc.cv22;uni1FC1;;
agrave.cv23;3;1;1;a.cv23;gravecomb;;
aacute.cv23;3;1;1;a.cv23;acutecomb;;
acircumflex.cv23;3;1;1;a.cv23;uni0302;;
atilde.cv23;3;1;1;a.cv23;tildecomb;;
adieresis.cv23;3;1;1;a.cv23;uni0308;;
aring.cv23;3;1;1;a.cv23;uni030A;;
amacron.cv23;3;1;1;a.cv23;uni0304;;
abreve.cv23;3;1;1;a.cv23;uni0306;;
aogonek.cv23;3;1;1;a.cv23;uni0328;;
uni01CE.cv23;3;1;1;a.cv23;uni030C;;
uni01DF.cv23;3;1;1;a.cv23;uni0308;uni0304;
uni01E1.cv23;3;1;1;a.cv23;uni0307;uni0304;
uni01E3.cv23;3;1;1;ae.cv23;uni0304;;
aringacute.cv23;3;1;1;a.cv23;uni030A_acutecomb;;
aeacute.cv23;3;1;1;ae.cv23;acutecomb;;
uni0201.cv23;3;1;1;a.cv23;uni030F;;
uni0203.cv23;3;1;1;a.cv23;uni0311;;
uni0227.cv23;3;1;1;a.cv23;uni0307;;
uni04D1.cv23;3;1;1;uni0430.cv23;uni0306;;
uni04D3.cv23;3;1;1;uni0430.cv23;uni0308;;
uni1E01.cv23;3;1;1;a.cv23;uni0325;;
uni1EA1.cv23;3;1;1;a.cv23;dotbelowcomb;;
uni1EA3.cv23;3;1;1;a.cv23;hookabovecomb;;
uni1EA5.cv23;3;1;1;a.cv23;uni0302_acutecomb;;
uni1EA7.cv23;3;1;1;a.cv23;uni0302_gravecomb;;
uni1EA9.cv23;3;1;1;a.cv23;uni0302_hookabovecomb;;
uni1EAB.cv23;3;1;1;a.cv23;uni0302;tildecomb;
uni1EAD.cv23;3;1;1;a.cv23;dotbelowcomb;uni0302;
uni1EAF.cv23;3;1;1;a.cv23;uni0306_acutecomb;;
uni1EB1.cv23;3;1;1;a.cv23;uni0306_gravecomb;;
uni1EB3.cv23;3;1;1;a.cv23;uni0306_hookabovecomb;;
uni1EB5.cv23;3;1;1;a.cv23;uni0306;tildecomb;
uni1EB7.cv23;3;1;1;a.cv23;dotbelowcomb;uni0306;
gcircumflex.cv24;3;1;1;g.cv24;uni0302;;
gbreve.cv24;3;1;1;g.cv24;uni0306;;
gdotaccent.cv24;3;1;1;g.cv24;uni0307;;
gcommaaccent.cv24;3;1;1;g.cv24;uni0312;;
gcaron.cv24;3;1;1;g.cv24;uni030C;;
uni01F5.cv24;3;1;1;g.cv24;acutecomb;;
uni1E21.cv24;3;1;1;g.cv24;uni0304;;
ugrave.cv25;3;1;1;u.cv25;gravecomb;;
uacute.cv25;3;1;1;u.cv25;acutecomb;;
ucircumflex.cv25;3;1;1;u.cv25;uni0302;;
udieresis.cv25;3;1;1;u.cv25;uni0308;;
utilde.cv25;3;1;1;u.cv25;tildecomb;;
umacron.cv25;3;1;1;u.cv25;uni0304;;
ubreve.cv25;3;1;1;u.cv25;uni0306;;
uring.cv25;3;1;1;u.cv25;uni030A;;
uhungarumlaut.cv25;3;1;1;u.cv25;uni030B;;
uogonek.cv25;3;1;1;u.cv25;uni0328;;
uhorn.cv25;3;1;1;u.cv25;uni031B;;
uni01D4.cv25;3;1;1;u.cv25;uni030C;;
uni01D6.cv25;3;1;1;u.cv25;uni0308;uni0304;
uni01D8.cv25;3;1;1;u.cv25;uni0308_acutecomb;;
uni01DA.cv25;3;1;1;u.cv25;uni0308_uni030C;;
uni01DC.cv25;3;1;1;u.cv25;uni0308_gravecomb;;
uni0215.cv25;3;1;1;u.cv25;uni030F;;
uni0217.cv25;3;1;1;u.cv25;uni0311;;
uni1E73.cv25;3;1;1;u.cv25;uni0324;;
uni1E75.cv25;3;1;1;u.cv25;uni0330;;
uni1E77.cv25;3;1;1;u.cv25;uni032D;;
uni1E79.cv25;3;1;1;u.cv25;tildecomb;acutecomb;
uni1E7B.cv25;3;1;1;u.cv25;uni0304;uni0308;
uni1EE5.cv25;3;1;1;u.cv25;dotbelowcomb;;
uni1EE7.cv25;3;1;1;u.cv25;hookabovecomb;;
uni1EE9.cv25;3;1;1;u.cv25;uni031B;acutecomb;
uni1EEB.cv25;3;1;1;u.cv25;uni031B;gravecomb;
uni1EED.cv25;3;1;1;u.cv25;uni031B;hookabovecomb;
uni1EEF.cv25;3;1;1;u.cv25;uni031B;tildecomb;
uni1EF1.cv25;3;1;1;u.cv25;dotbelowcomb;uni031B;
f.ss08;3;1;1;f;;;
i.ss08;3;1;1;i;;;
j.ss08;3;1;1;j;;;
l.ss08;3;1;1;l;;;
t.ss08;3;1;1;t;;;
